区域,SAMPLE ID,LATITUDE,LONGITUDE,LOC PREC,SR87_SR86,ΔSr,ND143_ND144,PB206_PB204,PB207_PB204,PB208_PB204,7NRHL,8NRHL,Δ7/4,Δ8/4,SIO2,TIO2,AL2O3,FE2O3,FE2O3T,FEO,FEOT,MNO,MGO,CAO,NA2O,K2O,P2O5,HE3_HE4_R_RA,LA,CE,PR,ND,SM,EU,GD,TB,DY,HO,ER,YB,LU,BA,NB,PB,RB,SR,TH,U,Y,ZR
SWIR,DUF0125-013-001-002,-43.41,39.98,0.01,0.704769,47.69,0.512607,16.585,15.3599,36.8753,15.288814,35.678265,7.1086,119.7035,,,,,,,,,,,,,,,,,,,,,,,,,,,,,,,,,,,,
SWIR,DUF0034-005,-43.893,40.653,0.001,0.7047,47,0.512448,16.959,15.504,37.32,15.3293556,36.130431,17.46444,118.9569,,,,,,,,,,,,,,,,,,,,,,,,,,,,,,,,,,,,
SWIR,MELPROT-5-028-146,-43.377,39.852,0.001,0.70458,45.8,0.512694,17.097,15.418,37.288,15.3443148,36.297273,7.36852,99.0727,,,,,,,,,,,,,,,,,,7.204,2.417,,,,,,,,,,,,2.61,155.9,,,,
SWIR,DUF0125-015-002-005,-43.43,40.21,0.01,0.703905,39.05,0.512861,17.1577,15.4302,37.3632,15.35089468,36.3706593,7.930532,99.25407,,,,,,,,,,,,,,,,,,,,,,,,,,,,,,,,,,,,
SWIR,ANS0018-060-001,-54.42,-1.36,0.01,0.71209,120.9,0.511663,17.188,15.701,38.766,15.3541792,36.407292,34.68208,235.8708,57.28,1.14,14.89,,,7.95,,,8.45,6.8,3.2,0.04,0.1,,1.1,4.5,,9,3.6,1.2,3.6,,2.8,0.52,1.3,1.06,0.15,9,1.01,0.91,0.62,143,0.077,0.017,15.3,68
SWIR,DUF0125-016-003-003,-43.43,40.21,0.01,0.703863,38.63,0.512863,17.2033,15.4382,37.4102,15.35583772,36.4257897,8.236228,98.44103,,,,,,,,,,,,,,,,,,,,,,,,,,,,,,,,,,,,
SWIR,DUF0125-010-003,-43.36,39.69,0.01,0.70393,39.3,0.51287,17.2434,15.4496,37.4273,15.36018456,36.4742706,8.941544,95.30294,,,,,,,,,,,,,,,,,,,,,,,,,,,,,,,,,,,,
SWIR,DUF0125-014-001-004,-43.4,40.1,0.01,0.703718,37.18,0.512871,17.2738,15.4427,37.4116,15.36347992,36.5110242,7.922008,90.05758,,,,,,,,,,,,,,,,,,,,,,,,,,,,,,,,,,,,
SWIR,AII0093-6-010-003,-24.98,70.012,0.001,0.70304,30.4,0.51307,17.307,15.531,37.214,15.3670788,36.551163,16.39212,66.2837,52.17,1.35,14.91,,,,9.09,0.18,8.17,11.24,2.73,0.09,,,,,,,,,,,,,,,,8.49,,,0.701,98.8,,,,
SWIR,AII0093-5-005,-24.98,69.99,0.01,0.70303,30.3,0.513072,17.315,15.443,37.251,15.367946,36.560835,7.5054,69.0165,,,,,,,,,,,,,,,,,,,,,,,,,,,,,,,,,,,,
SWIR,AII0093-6-010-103,-24.98,70.012,0.001,0.703035,30.35,0.513083,17.325,15.456,37.287,15.36903,36.572925,8.697,71.4075,,,,,,,,,,,,,,,2.8,9.12,1.7,9.08,3.28,1.23,4.72,,5.7,1.26,3.57,3.33,,8.82,,0.514,0.7,99.4,,0.034,32.6,86.6
SWIR,AII0093-6-010-103,-24.98,70.012,0.001,0.70304,30.4,0.513083,17.325,15.456,37.287,15.36903,36.572925,8.697,71.4075,,,,,,,,,,,,,,,,,,,,,,,,,,,,,,,,,,,,
SWIR,DUF0023-003-001,-25.385,70.064,0.001,0.703135,31.35,0.513059,17.334,15.46,37.36,15.3700056,36.583806,8.99944,77.6194,,,,,,,,,,,,,,,0.753,3.05,,4.02,1.67,0.68,2.56,,3.18,,2,1.86,,,,,0.11,57,,,,
SWIR,DUF0107-041-001-001,-30.92,59.16,0.01,0.702824,28.24,0.513157,17.3631,15.3923,37.0698,15.37316004,36.6189879,1.913996,45.08121,,,,,,,,,,,,,,,,,,,,,,,,,,,,,,,,,,,,
SWIR,DUF0107-035,-30.52,59.91,0.01,0.702911,29.11,0.513118,17.4018,15.4006,37.1097,15.37735512,36.6657762,2.324488,44.39238,,,,,,,,,,,,,,,,,,,,,,,,,,,,,,,,,,,,
SWIR,DUF0107-042,-31.038,59.121,0.001,0.702723,27.23,0.513143,17.404,15.398,37.0847,15.3775936,36.668436,2.04064,41.6264,,,,,,,,,,,,,,,,,,,,,,,,,,,,,,,,,,,,
SWIR,DUF0107-034-001-003,-30.44,60.16,0.01,0.702659,26.59,0.513215,17.4052,15.3976,37.0816,15.37772368,36.6698868,1.987632,41.17132,,,,,,,,,,,,,,,,,,,,,,,,,,,,,,,,,,,,
SWIR,DUF0107-038-001-001,-30.91,59.34,0.01,0.702829,28.29,0.513178,17.4224,15.4013,37.1104,15.37958816,36.6906816,2.171184,41.97184,,,,,,,,,,,,,,,,,,,,,,,,,,,,,,,,,,,,
SWIR,DUF0107-046-001-006,-31.19,58.61,0.01,0.702707,27.07,0.51317,17.429,15.3963,37.1141,15.3803036,36.698661,1.59964,41.5439,,,,,,,,,,,,,,,,,,,,,,,,,,,,,,,,,,,,
SWIR,DUF0107-036,-30.66,59.56,0.01,0.702774,27.74,0.513129,17.432,15.4014,37.1355,15.3806288,36.702288,2.07712,43.3212,,,,,,,,,,,,,,,,,,,,,,,,,,,,,,,,,,,,
SWIR,CHRRODR-2-003-001,-25.66,70.054,0.01,0.703149,31.49,0.513047,17.44,15.443,37.4,15.381496,36.71196,6.1504,68.804,,,,,,,,,,,,,,,2.52,7.98,,7.03,2.36,0.895,3.3,,3.73,,2.31,2.12,,,,,1.16,112,,,,
SWIR,MELPROT-5-027-A,-43.612,39.308,0.001,0.70438,43.8,0.512692,17.441,15.48,37.663,15.3816044,36.713169,9.83956,94.9831,,,,,,,,,,,,,,,,,,8.862,2.604,,,,,,,,,,,0.691,14.3,227.5,,,,
SWIR,DUF0107-032-004-004,-30.27,60.49,0.01,0.702749,27.49,0.513172,17.4498,15.4023,37.1346,15.38255832,36.7238082,1.974168,41.07918,,,,,,,,,,,,,,,,,,,,,,,,,,,,,,,,,,,,
SWIR,AII0093-6-014-023,-25.78,70.183,0.001,0.70311,31.1,0.513077,17.469,15.449,37.456,15.3846396,36.747021,6.43604,70.8979,,,,,,,,,,,,,,,,,,,,,,,,,,,,,,,,,,,,
SWIR,CHRRODR-2-002-001,-25.61,69.94,0.01,0.70305,30.5,0.513027,17.477,15.455,37.47,15.3855068,36.756693,6.94932,71.3307,,,,,,,,,,,,,,,2.36,8.09,,7.11,2.37,0.855,3.33,,3.56,,2.17,1.96,,,,,1,98,,,,
SWIR,CHRRODR-3-003-001,-25.57,70.026,0,0.703113,31.13,0.513048,17.488,15.455,37.5,15.3866992,36.769992,6.83008,73.0008,,,,,,,,,,,,,,,2.92,8.2,,6.85,2.26,0.82,3.02,,3.5,,2.15,1.94,,,,,1.64,119,,,,
SWIR,DUF0107-049,-31.73,57.74,0.01,0.702861,28.61,0.513134,17.496,15.4134,37.2152,15.3875664,36.779664,2.58336,43.5536,,,,,,,,,,,,,,,,,,,,,,,,,,,,,,,,,,,,
SWIR,DUF0107-048,-31.69,57.97,0.01,0.70295,29.5,0.513096,17.5354,15.4181,37.2715,15.39183736,36.8272986,2.626264,44.42014,,,,,,,,,,,,,,,,,,,,,,,,,,,,,,,,,,,,
SWIR,DUF0034-001,-31.693,57.842,0.001,0.70276,27.6,0.513081,17.554,15.433,37.289,15.3938536,36.849786,3.91464,43.9214,,,,,,,,,,,,,,,,,,,,,,,,,,,,,,,,,,,,
SWIR,DY0115-017-004A,-31.09,59.11,0.0001,0.702808,28.08,0.513112,17.558,15.49,37.363,15.3942872,36.854622,9.57128,50.8378,49.61,1.7,15.32,10.38,,,,0.18,7.5,10.18,3.93,0.44,0.17,,5.43,16.8,2.89,14.5,4.38,1.52,5.37,0.95,6.05,1.24,3.43,3.11,0.469,,,,,,,,,
SWIR,DUF0107-068-001,-35.34,53.89,0.01,0.702967,29.67,0.513082,17.6024,15.4273,37.5315,15.39910016,36.9083016,2.819984,62.31984,,,,,,,,,,,,,,,,,,,,,,,,,,,,,,,,,,,,
SWIR,DUF0107-068,-35.34,53.89,0.01,0.702973,29.73,0.51307,17.6044,15.4286,37.5365,15.39931696,36.9107196,2.928304,62.57804,,,,,,,,,,,,,,,,,,,,,,,,,,,,,,,,,,,,
SWIR,AII0093-6-013-001,-25.78,70.183,0.001,0.70317,31.7,0.51309,17.661,15.528,37.697,15.4054524,36.979149,12.25476,71.7851,51.36,1.14,15.05,,,,8.14,0.16,8.13,11.8,2.85,0.09,,,,,,,,,,,,,,,,14,,,1.07,133,,,,
SWIR,DUF0107-029-001-002,-28.95,61.32,0.01,0.702721,27.21,0.513092,17.6775,15.4279,37.5334,15.407241,36.9990975,2.0659,53.43025,,,,,,,,,,,,,,,,,,,,,,,,,,,,,,,,,,,,
SWIR,DUF0107-029-001-001,-28.95,61.32,0.01,0.702749,27.49,0.513104,17.6819,15.4307,37.5406,15.40771796,37.0044171,2.298204,53.61829,,,,,,,,,,,,,,,,,,,,,,,,,,,,,,,,,,,,
SWIR,MELINMD-008-001,-41.98,42.72,0.01,0.70253,25.3,0.513218,17.71,15.424,37.234,15.410764,37.03839,1.3236,19.561,,,,,,,,,,,,,,,,,,4.94,2.183,,,,,,,,,,,0.198,0.2,124.3,,,,
SWIR,AII0093-5-006-004,-27.6,65.83,0.01,0.70291,29.1,0.51304,17.735,15.505,37.71,15.413474,37.068615,9.1526,64.1385,,,,,,,,,,,,,,,,,,,,,,,,,,,,24.4,,,2.17,207,,,,
SWIR,DUF0107-028-002-005,-28.95,61.44,0.01,0.702747,27.47,0.513123,17.7461,15.4337,37.5893,15.41467724,37.0820349,1.902276,50.72651,,,,,,,,,,,,,,,,,,,,,,,,,,,,,,,,,,,,
SWIR,DUF0034-004,-40.98,43.7,0.001,0.70299,29.9,0.513068,17.767,15.468,37.641,15.4169428,37.107303,5.10572,53.3697,,,,,,,,,,,,,,,,,,,,,,,,,,,,,,,,,,,,
SWIR,DUF0107-063-001,-34.73,54.65,0.01,0.702956,29.56,0.513063,17.7754,15.4535,37.6722,15.41785336,37.1174586,3.564664,55.47414,,,,,,,,,,,,,,,,,,,,,,,,,,,,,,,,,,,,
SWIR,DUF0107-008-002,-27.34,66.34,0.01,0.702966,29.66,0.513079,17.7814,15.4444,37.6998,15.41850376,37.1247126,2.589624,57.50874,,,,,,,,,,,,,,,,,,,,,,,,,,,,,,,,,,,,
SWIR,DUF0023-004,-25.864,70.323,0.001,0.702781,27.81,0.513189,17.785,15.473,37.536,15.418894,37.129065,5.4106,40.6935,49.61,1.37,16.57,,,,7.7,0.32,9.3,10.11,3.53,0.09,,,,,,,,,,0.65,,,,,,,,,,,,,,
SWIR,DY0115-019-007,-27.85,63.94,0.0001,0.702942,29.42,0.513061,17.793,15.424,37.612,15.4197612,37.138737,0.42388,47.3263,50.59,1.61,15.1,11.12,,,,0.17,6.4,10.22,4.02,0.3,0.18,,6.11,16.7,2.76,13.2,3.94,1.4,5.02,0.925,5.97,1.32,3.61,3.46,0.528,,,,,,,,,
SWIR,DUF0107-016,-27.85,63.91,0.01,0.702777,27.77,0.513069,17.7976,15.4343,37.6335,15.42025984,37.1442984,1.404016,48.92016,,,,,,,,,,,,,,,,,,,,,,,,,,,,,,,,,,,,
SWIR,DUF0107-013,-27.78,65.42,0.01,0.703078,30.78,0.513037,17.8109,15.4487,37.7479,15.42170156,37.1603781,2.699844,58.75219,,,,,,,,,,,,,,,,,,,,,,,,,,,,,,,,,,,,
SWIR,MELINMD-005-004,-42.01,42.73,0.01,0.70309,30.9,0.513201,17.814,15.452,37.312,15.4220376,37.164126,2.99624,14.7874,,,,,,,,,,,,,,,,,,8.964,3.815,,,,,,,,,,,0.392,2.26,142.7,,,,
SWIR,DUF0107-010-001-004,-27.57,65.98,0.01,0.702889,28.89,0.513065,17.8274,15.4469,37.7084,15.42349016,37.1803266,2.340984,52.80734,,,,,,,,,,,,,,,,,,,,,,,,,,,,,,,,,,,,
SWIR,MELPROT-5-030-075,-42.687,41.985,0.001,0.70268,26.8,0.513188,17.829,15.448,37.486,15.4236636,37.182261,2.43364,30.3739,,,,,,,,,,,,,,,,,,15.6,5.357,,,,,,,,,,,0.653,1.91,121.4,,,,
SWIR,CHRRODR-3-001-001,-27.403,66.429,0.001,0.702855,28.55,0.513016,17.83,15.45,37.74,15.423772,37.18347,2.6228,55.653,,,,,,,,,,,,,,,4.7,13.04,,9.71,2.82,1.05,3.52,,3.91,,2.32,2.15,,,,,2.1,176,,,,
SWIR,AII0093-5-006-013,-27.6,65.83,0.01,0.70291,29.1,0.513042,17.837,15.445,37.716,15.4245308,37.191933,2.04692,52.4067,,,,,,,,,,,,0.2,0.12,,,,,10.87,3.26,,,,,,,,,24,,,2.03,180.9,,,26,135
SWIR,DUF0107-060,-34.37,55.27,0.01,0.702943,29.43,0.51301,17.8398,15.4596,37.7016,15.42483432,37.1953182,3.476568,50.62818,,,,,,,,,,,,,,,,,,,,,,,,,,,,,,,,,,,,
SWIR,MELANTP-111-010,-28.85,61.9,0.01,0.70263,26.3,0.5131,17.846,15.439,37.727,15.4255064,37.202814,1.34936,52.4186,,,,,,,,,,,,0.21,0.18,8.11,,,,15.2,4.35,,,,,,,,,16,,,1.29,224.5,,,36,161
SWIR,DUF0023-004-001,-25.864,70.323,0.001,0.702731,27.31,0.513189,17.85,15.45,37.63,15.42594,37.20765,2.406,42.235,,,,,,,,,,,,,,,3.17,10.52,,9.35,2.88,1.06,3.57,,4.1,,2.46,2.25,,,,,0.5,162,,,,
SWIR,AII0093-6-011-016,-24.675,70.045,0.001,0.70322,32.2,0.51306,17.884,15.563,37.838,15.4296256,37.248756,13.33744,58.9244,51.43,1.5,14.83,,,,9.25,0.19,7.66,11.09,3.09,0.14,,,,,,,,,,,,,,,,15.6,,,1.3,125,,,,
SWIR,DUF0107-012-003-002,-27.74,65.35,0.01,0.702904,29.04,0.513007,17.8856,15.448,37.7925,15.42979904,37.2506904,1.820096,54.18096,,,,,,,,,,,,,,,,,,,,,,,,,,,,,,,,,,,,
SWIR,DUF0107-006-004-001,-26.98,67.23,0.01,0.70312,31.2,0.513015,17.8906,15.4585,37.8276,15.43034104,37.2567354,2.815896,57.08646,,,,,,,,,,,,,,,,,,,,,,,,,,,,,,,,,,,,
SWIR,DUF0107-012-001-002,-27.74,65.35,0.01,0.702916,29.16,0.513067,17.8909,15.4538,37.8097,15.43037356,37.2570981,2.342644,55.26019,,,,,,,,,,,,,,,,,,,,,,,,,,,,,,,,,,,,
SWIR,DUF0107-061-002-004,-34.36,55.13,0.01,0.702916,29.16,0.513038,17.8931,15.4613,37.73,15.43061204,37.2597579,3.068796,47.02421,,,,,,,,,,,,,,,,,,,,,,,,,,,,,,,,,,,,
SWIR,DUF0107-055-002-001,-33.96,55.78,0.01,0.703173,31.73,0.513037,17.8978,15.4733,37.6537,15.43112152,37.2654402,4.217848,38.82598,,,,,,,,,,,,,,,,,,,,,,,,,,,,,,,,,,,,
SWIR,DUF0107-009-003-001,-27.44,66.26,0.01,0.703122,31.22,0.513018,17.9184,15.4583,37.8354,15.43335456,37.2903456,2.494544,54.50544,,,,,,,,,,,,,,,,,,,,,,,,,,,,,,,,,,,,
SWIR,MELPROT-5-041-073,-38.66,46.63,0.01,0.70333,33.3,0.513033,17.923,15.486,38.067,15.4338532,37.295907,5.21468,77.1093,,,,,,,,,,,,,,,,,,8.49,2.962,,,,,,,,,,,0.469,3.15,108.1,,,,
SWIR,DUF0107-027,-28.94,61.64,0.01,0.702748,27.48,0.513148,17.9282,15.4535,37.7838,15.43441688,37.3021938,1.908312,48.16062,,,,,,,,,,,,,,,,,,,,,,,,,,,,,,,,,,,,
SWIR,DY0115-021-005-001,-34.28,55.71,0.0001,0.703081,30.81,0.513049,17.929,15.464,37.61,15.4345036,37.303161,2.94964,30.6839,47.4,1.7,14.23,11.31,,,,0.17,9.91,10.74,2.71,0.26,0.13,,3.45,10.9,2.01,11.5,3.73,1.26,4.3,0.875,5.93,1.35,3.64,3.55,0.525,,,,,,,,,
SWIR,DUF0107-003-002-001,-26.488,67.979,0.001,0.702896,28.96,0.513047,17.9731,15.458,37.8186,15.43928404,37.3564779,1.871596,46.21221,,,,,,,,,,,,,,,,,,,,,,,,,,,,,,,,,,,,
SWIR,ARGCIRC-110-013,-26.62,67.52,0.01,0.70286,28.6,0.513066,17.978,15.461,37.797,15.4398152,37.362402,2.11848,43.4598,,,,,,,,,,,,,,,,,,13.56,4.03,,,,,,,,,,,,,,,,,
SWIR,DUF0107-002,-26.23,68.44,0.01,0.702914,29.14,0.513103,17.9841,15.4557,37.7952,15.44047644,37.3697769,1.522356,42.54231,,,,,,,,,,,,,,,,,,,,,,,,,,,,,,,,,,,,
SWIR,DUF0107-051-001-001,-33.65,56.64,0.01,0.702822,28.22,0.513073,17.9864,15.473,37.6813,15.44072576,37.3725576,3.227424,30.87424,,,,,,,,,,,,,,,,,,,,,,,,,,,,,,,,,,,,
SWIR,DUF0107-002-001-001,-26.23,68.44,0.01,0.702954,29.54,0.513042,17.9881,15.4594,37.8052,15.44091004,37.3746129,1.848996,43.05871,,,,,,,,,,,,,,,,,,,,,,,,,,,,,,,,,,,,
SWIR,DY0115-019-009A,-36.04,52.49,0.01,0.702924,29.24,0.513117,17.99,15.528,37.807,15.441116,37.37691,8.6884,43.009,,,,,,,,,,,,,,,,,,,,,,,,,,,,,,,,,,,,
SWIR,DUF0107-026-001,-28.8,61.93,0.01,0.702868,28.68,0.513055,17.9929,15.4874,37.9842,15.44143036,37.3804161,4.596964,60.37839,,,,,,,,,,,,,,,,,,,,,,,,,,,,,,,,,,,,
SWIR,DY0115-017-005A,-27.84,63.94,0.0001,0.702949,29.49,0.513057,18.001,15.615,38.067,15.4423084,37.390209,17.26916,67.6791,51.15,1.63,15.05,10.12,,,,0.17,6.36,10.73,3.87,0.31,0.15,,6.16,17.7,2.84,13.7,4.01,1.42,5,0.886,5.86,1.2,3.37,3.04,0.469,,,,,,,,,
SWIR,DUF0107-020-001-001,-27.98,63.66,0.01,0.70271,27.1,0.513152,18.028,15.4664,37.8453,15.4452352,37.422852,2.11648,42.2448,,,,,,,,,,,,,,,,,,,,,,,,,,,,,,,,,,,,
SWIR,MELPROT-5-037-002,-40.13,45.76,0.001,0.70329,32.9,0.512985,18.04,15.469,38.16,15.446536,37.43736,2.2464,72.264,,,,,,,,,,,,,,,,,,12.95,3.92,,,,,,,,,,,,7.31,168.3,,,,
SWIR,DUF0107-011-001-009,-27.63,65.53,0.01,0.703626,36.26,0.512859,18.0417,15.4971,38.1582,15.44672028,37.4394153,5.037972,71.87847,,,,,,,,,,,,,,,,,,,,,,,,,,,,,,,,,,,,
SWIR,DUF0107-011-001-002,-27.63,65.53,0.01,0.703626,36.26,0.512911,18.0428,15.4991,38.1612,15.44683952,37.4407452,5.226048,72.04548,,,,,,,,,,,,,,,,,,,,,,,,,,,,,,,,,,,,
SWIR,MELPROT-5-025-217,-44.815,35.847,0.001,0.70268,26.8,0.513151,18.052,15.473,37.694,15.4478368,37.451868,2.51632,24.2132,49.6,1.42,14.77,,,,11.78,0.17,7.63,11.21,2.39,0.17,0.14,,,,,8.437,3.148,,,,,,,,,16,5.3,0.359,3,93,,,31,76
SWIR,MELPROT-5-041-049,-38.66,46.63,0.01,0.70289,28.9,0.512995,18.058,15.502,38.107,15.4484872,37.459122,5.35128,64.7878,,,,,,,,,,,,,,,4.32,10.5,1.58,7.93,2.64,0.99,3.77,0.67,4.47,0.95,2.75,2.62,0.4,48.6,5.45,0.43,4.42,,0.48,0.14,27.9,
SWIR,DUF0107-007-002-005,-27.36,66.64,0.01,0.703234,32.34,0.513013,18.0735,15.4831,38.0759,15.4501674,37.4778615,3.29326,59.80385,,,,,,,,,,,,,,,,,,,,,,,,,,,,,,,,,,,,
SWIR,AGU0053-001-032,-47.17,32.67,0.01,0.70259,25.9,0.513119,18.078,15.454,37.59,15.4506552,37.483302,0.33448,10.6698,,,,,,,,,,,,,,,,,,5.696,1.955,,,,,,,,,,,0.253,0.44,113.3,,,,
SWIR,DUF0107-053-002-003,-33.87,56.03,0.01,0.702658,26.58,0.513122,18.0786,15.4773,37.7434,15.45072024,37.4840274,2.657976,25.93726,,,,,,,,,,,,,,,,,,,,,,,,,,,,,,,,,,,,
SWIR,DUF0107-070-001-001,-37.33,51.81,0.01,0.702987,29.87,0.513128,18.1003,15.4952,37.9263,15.45307252,37.5102627,4.212748,41.60373,,,,,,,,,,,,,,,,,,,,,,,,,,,,,,,,,,,,
SWIR,DUF0034-002,-33.76,56.27,0.01,0.70269,26.9,0.513001,18.114,15.505,37.839,15.4545576,37.526826,5.04424,31.2174,,,,,,,,,,,,,,,,,,,,,,,,,,,,,,,,,,,,
SWIR,DUF0107-066,-34.75,54.37,0.01,0.702882,28.82,0.513081,18.1221,15.4854,37.9595,15.45543564,37.5366189,2.996436,42.28811,,,,,,,,,,,,,,,,,,,,,,,,,,,,,,,,,,,,
SWIR,DY0115-021-004,-38.13,48.6,0.01,0.703077,30.77,0.513092,18.124,15.478,37.924,15.4556416,37.538916,2.23584,38.5084,49.3,1.09,14.78,10.59,,,,0.17,9.33,11.14,2.22,0.11,0.09,,1.66,5.35,1,5.93,2.39,0.978,3.43,0.633,4.4,1.07,2.91,2.82,0.404,,,,,,,,,
SWIR,DUF0107-052,-33.79,56.13,0.01,0.702732,27.32,0.51305,18.1315,15.4885,37.7737,15.4564546,37.5479835,3.20454,22.57165,,,,,,,,,,,,,,,,,,,,,,,,,,,,,,,,,,,,
SWIR,MELPROT-5-025-240,-44.815,35.847,0.001,0.70321,32.1,0.513064,18.133,15.476,38.061,15.4566172,37.549797,1.93828,51.1203,50.33,2.18,14.37,,,,12.36,0.21,6.01,10.23,3.48,0.36,,,,,,7.277,2.666,,,,,,,,,,,0.392,2.56,93.99,,,,
SWIR,DUF0125-030-001-004,-38.08,48.62,0.01,0.703157,31.57,0.513139,18.1438,15.4948,37.9911,15.45778792,37.5628542,3.701208,42.82458,,,,,,,,,,,,,,,,,,,,,,,,,,,,,,,,,,,,
SWIR,DUF0107-001-001-001,-26.09,68.73,0.01,0.702964,29.64,0.513034,18.1441,15.4691,37.9934,15.45782044,37.5632169,1.127956,43.01831,,,,,,,,,,,,,,,,,,,,,,,,,,,,,,,,,,,,
SWIR,DUF0107-075-001-001,-37.87,49.34,0.01,0.702923,29.23,0.513171,18.1444,15.4871,37.9598,15.45785296,37.5635796,2.924704,39.62204,,,,,,,,,,,,,,,,,,,,,,,,,,,,,,,,,,,,
SWIR,DUF0107-057-001-001,-34.14,55.63,0.01,0.702907,29.07,0.513072,18.1598,15.4969,37.9394,15.45952232,37.5821982,3.737768,35.72018,,,,,,,,,,,,,,,,,,,,,,,,,,,,,,,,,,,,
SWIR,DUF0125-032-001-001,-38.03,48.83,0.01,0.702934,29.34,0.513166,18.1611,15.4888,37.9769,15.45966324,37.5837699,2.913676,39.31301,,,,,,,,,,,,,,,,,,,,,,,,,,,,,,,,,,,,
SWIR,DY0115-021-005-014-008,-37.68,50.47,0.01,0.70283,28.3,0.513135,18.164,15.531,38.097,15.4599776,37.587276,7.10224,50.9724,50.23,1.39,15.04,11.07,,,,0.18,7.44,11.23,2.6,0.16,0.09,,1.78,6.22,1.21,7.03,2.85,1.13,4.18,0.784,5.46,1.18,3.33,3.24,0.494,7.31,1.01,,1.54,105,0.084,,29.5,83.5
SWIR,DUF0125-032-001-003,-38.03,48.83,0.01,0.702887,28.87,0.513168,18.1656,15.4922,37.9851,15.46015104,37.5892104,3.204896,39.58896,,,,,,,,,,,,,,,,,,,,,,,,,,,,,,,,,,,,
SWIR,MELPROT-5-042-011,-38.432,46.713,0.01,0.70321,32.1,0.513025,18.179,15.495,37.972,15.4616036,37.605411,3.33964,36.6589,,,,,,,,,,,,,,,3.07,8.41,1.38,7.41,2.67,1.02,3.94,0.71,4.78,1.02,2.95,2.82,0.43,27.5,3.27,0.33,4.14,,0.31,0.1,27.7,
SWIR,DY0115-020-005-018,-37.61,50.97,0.01,0.703127,31.27,0.513103,18.182,15.58,38.16,15.4619288,37.609038,11.80712,55.0962,49.32,1.28,14.55,12.25,,,,0.17,8.21,11.18,2.45,0.1,0.05,,1.79,6.24,1.26,7.54,2.98,1.11,4.5,0.9,5.9,1.35,3.8,3.6,0.544,,,,,,,,,
SWIR,DY0115-021-007-034-021,-37.91,49.25,0.01,0.702935,29.35,0.513098,18.188,15.535,38.107,15.4625792,37.616292,7.24208,49.0708,,,,,,,,,,,,,,,,,,,,,,,,,,,,,,,,,,,,
SWIR,DY0115-019-008B,-36.04,52.49,0.01,0.703167,31.67,0.513082,18.197,15.487,37.988,15.4635548,37.627173,2.34452,36.0827,49.07,1.43,14.52,12.52,,,,0.21,8.51,10.85,2.6,0.14,0.12,,2.67,8.73,1.72,9.76,3.6,1.27,5.18,0.957,6.47,1.37,3.94,3.65,0.571,,,,,,,,,
SWIR,DY0115-021-005-011-007,-37.68,50.47,0.01,0.702869,28.69,0.51314,18.202,15.526,38.094,15.4640968,37.633218,6.19032,46.0782,50.26,1.4,15,10.99,,,,0.18,7.56,11.21,2.55,0.22,0.09,,1.8,6.38,1.25,7.32,2.96,1.15,4.31,0.831,5.72,1.26,3.48,3.43,0.532,6.79,1.01,,1.99,106,0.066,,29.9,83.3
SWIR,DUF0107-072,-37.46,51.16,0.01,0.703044,30.44,0.513108,18.2028,15.5012,38.0262,15.46418352,37.6341852,3.701648,39.20148,,,,,,,,,,,,,,,,,,,,,,,,,,,,,,,,,,,,
SWIR,DY0115-019-009A,-36.04,52.49,0.01,0.702946,29.46,0.513097,18.21,15.49,38.004,15.464964,37.64289,2.5036,36.111,49.13,1.42,14.6,12.81,,,,0.22,8.6,10.83,2.62,0.09,0.12,,2.65,8.85,1.72,9.64,3.5,1.24,5.03,0.975,6.14,1.35,3.79,3.48,0.553,,,,,,,,,
SWIR,DY0115-021-005-029-006,-37.78,49.65,0.01,0.702983,29.83,0.513133,18.212,15.53,38.128,15.4651808,37.645308,6.48192,48.2692,,,,,,,,,,,,,,,,,,,,,,,,,,,,,,,,,,,,
SWIR,DY0115-020-003-018,-37.61,50.97,0.01,0.702969,29.69,0.513132,18.216,15.55,38.169,15.4656144,37.650144,8.43856,51.8856,,,,,,,,,,,,,,,,,,,,,,,,,,,,,,,,,,,,
SWIR,DY0115-021-005-003-001,-37.78,49.65,0.01,0.70295,29.5,0.513123,18.221,15.528,38.117,15.4661564,37.656189,6.18436,46.0811,,,,,,,,,,,,,,,,,,,,,,,,,,,,,,,,,,,,
SWIR,MELPROT-5-042-001,-38.432,46.713,0.01,0.70281,28.1,0.513099,18.222,15.49,37.943,15.4662648,37.657398,2.37352,28.5602,50.35,1.18,16.29,,,,9.88,0.19,7.71,11.51,2.67,0.13,,,,,,16.75,5.034,,,,,,,,,,,0.784,8.31,161.3,,,,
SWIR,DUF0107-071,-37.38,51.39,0.01,0.703067,30.67,0.513109,18.2224,15.5073,38.0605,15.46630816,37.6578816,4.099184,40.26184,,,,,,,,,,,,,,,,,,,,,,,,,,,,,,,,,,,,
SWIR,AGU0053-003-003,-46.03,34.07,0.01,0.70276,27.6,0.513089,18.223,15.469,37.781,15.4663732,37.658607,0.26268,12.2393,,,,,,,,,,,,,,,,,,10.11,3.334,,,,,,,,,,,0.423,2.61,135.4,,,,
SWIR,DUF0107-073-002,-37.69,49.85,0.01,0.702722,27.22,0.51312,18.226,15.4904,37.9952,15.4666984,37.662234,2.37016,33.2966,,,,,,,,,,,,,,,,,,,,,,,,,,,,,,,,,,,,
SWIR,DY0115-017-002A,-37.77,49.65,0.01,0.703214,32.14,0.513091,18.228,15.5,38.032,15.4669152,37.664652,3.30848,36.7348,49.13,1.4,14.59,11.62,,,,0.19,8.53,10.92,3.21,0.16,0.12,,2.59,8.68,1.69,9.31,3.46,1.21,4.87,0.918,6.01,1.29,3.67,3.3,0.533,,,,,,,,,
SWIR,DUF0034-007,-44.807,36.302,0.001,0.7028,28,0.513041,18.237,15.499,37.976,15.4678908,37.675533,3.11092,30.0467,,,,,,,,,,,,,,,,,,,,,,,,,,,,,,,,,,,,
SWIR,MELPROT-5-020-A,-46.495,33.87,0.001,0.7034,34,0.512983,18.261,15.552,38.37,15.4704924,37.704549,8.15076,66.5451,47.52,0.52,18.34,,,,7.51,0.14,6.9,10.68,2.57,0.44,0.13,,,,,6.76,2.362,,,,,,,,,16,2.9,0.449,5,141,,,22,55
SWIR,DY0115-020-005-004,-38.13,48.6,0.01,0.703071,30.71,0.513124,18.276,15.533,38.163,15.4721184,37.722684,6.08816,44.0316,,,,,,,,,,,,,,,,,,,,,,,,,,,,,,,,,,,,
SWIR,DY0105-017-002A,-37.77,49.65,0.01,0.702978,29.78,0.513118,18.277,15.564,38.248,15.4722268,37.723893,9.17732,52.4107,,,,,,,,,,,,,,,,,,,,,,,,,,,,,,,,,,,,
SWIR,DUF0125-006-002-002,-44.9,36.47,0.01,0.702882,28.82,0.513147,18.289,15.5095,38.0463,15.4735276,37.738401,3.59724,30.7899,,,,,,,,,,,,,,,,,,,,,,,,,,,,,,,,,,,,
SWIR,MELPROT-5-009-001,-52.58,26.335,0.001,0.70255,25.5,0.513046,18.339,15.478,37.987,15.4789476,37.798851,-0.09476,18.8149,,,,,,,,,,,,,,,,,,15.77,4.824,,,,,,,,,,,0.626,1.28,171.7,,,,
SWIR,DUF0125-008-002-001,-44.61,37.27,0.01,0.70296,29.6,0.513138,18.3562,15.5229,38.1451,15.48081208,37.8196458,4.208792,32.54542,,,,,,,,,,,,,,,,,,,,,,,,,,,,,,,,,,,,
SWIR,DY0115-020-005-020,-37.61,50.99,0.01,0.703169,31.69,0.513095,18.361,15.594,38.254,15.4813324,37.825449,11.26676,42.8551,48.98,1.37,14.46,12.28,,,,0.17,8.4,11.04,2.49,0.25,0.06,,2.15,7.2,1.43,8.4,3.38,1.23,4.81,0.953,6.17,1.38,3.68,3.61,0.558,,,,,,,,,
SWIR,DUF0125-005-001-002,-44.86,36.18,0.01,0.702915,29.15,0.513102,18.3663,15.5162,38.1243,15.48190692,37.8318567,3.429308,29.24433,,,,,,,,,,,,,,,,,,,,,,,,,,,,,,,,,,,,
SWIR,DUF0034-006,-44.18,38.795,0.001,0.7028,28,0.513071,18.373,15.509,38.096,15.4826332,37.839957,2.63668,25.6043,,,,,,,,,,,,,,,,,,,,,,,,,,,,,,,,,,,,
SWIR,DUF0125-020-001-001,-43.92,40.94,0.01,0.702994,29.94,0.513037,18.4067,15.5268,38.1741,15.48628628,37.8807003,4.051372,29.33997,,,,,,,,,,,,,,,,,,,,,,,,,,,,,,,,,,,,
SWIR,DUF0125-019-001-006,-43.89,40.81,0.01,0.703008,30.08,0.513089,18.4122,15.5253,38.1444,15.48688248,37.8873498,3.841752,25.70502,,,,,,,,,,,,,,,,,,,,,,,,,,,,,,,,,,,,
SWIR,AGU0032-004-111,-54.03,2.13,0.01,0.703452,34.52,0.512965,18.416,15.572,38.459,15.4872944,37.891944,8.47056,56.7056,,,,,,,,,,,,,,,,,,,,,,,,,,,,,,,,,,,,
SWIR,AGU0022-008-001,-53.41,24.76,0.01,0.70268,26.8,0.513082,18.417,15.5,38.012,15.4874028,37.893153,1.25972,11.8847,,,,,,,,,,,,,,,4.83,15.3,2.56,13.6,4.29,1.53,5.31,0.92,5.98,1.26,3.64,3.36,0.5,8.37,3.25,0.72,1.74,160,0.2,0.12,34.5,139
SWIR,AGU0022-009-002,-53.158,22.83,0.001,0.70256,25.6,0.513101,18.418,15.492,37.965,15.4875112,37.894362,0.44888,7.0638,,,,,,,,,,,,,,,,,,6.82,2.382,,,,,,,,,,,0.279,0.17,102.6,,,,
SWIR,DUF0125-017-001-003,-43.89,40.8,0.01,0.702929,29.29,0.513005,18.4263,15.5262,38.1701,15.48841092,37.9043967,3.778908,26.57033,,,,,,,,,,,,,,,,,,,,,,,,,,,,,,,,,,,,
SWIR,AGU0032-002-003,-54.37,1.2,0.01,0.703479,34.79,0.512953,18.552,15.581,38.496,15.5020368,38.056368,7.89632,43.9632,,,,,,,,,,,,,,,,,,,,,,,,,,,,,,,,,,,,
SWIR,AGU0032-003-099,-54.12,1.97,0.01,0.703088,30.88,0.513059,18.565,15.555,38.311,15.503446,38.072085,5.1554,23.8915,,,,,,,,,,,,,,,,,,,,,,,,,,,,,,,,,,,,
SWIR,DY0115-020-005-012,-37.66,50.47,0.0001,0.703448,34.48,0.512976,18.574,15.595,38.571,15.5044216,38.082966,9.05784,48.8034,47.84,0.84,16.21,11.11,,,,0.14,9.68,11.21,2.48,0.14,0,,1.5,4.86,0.919,4.96,1.79,0.753,2.63,0.502,3.42,0.742,2.06,1.89,0.293,,,,,,,,,
SWIR,MELPROT-5-009-007,-52.58,26.335,0.001,0.70373,37.3,0.513005,18.576,15.592,38.482,15.5046384,38.085384,8.73616,39.6616,,,,,,,,,,,,,,,,,,6.926,2.403,,,,,,,,,,,1.7,23.8,96.87,,,,
SWIR,DY0115-020-003-012,-37.66,50.47,0.01,0.703307,33.07,0.513002,18.586,15.57,38.601,15.5057224,38.097474,6.42776,50.3526,47.84,0.84,16.21,11.11,,,,0.14,9.68,11.21,2.48,0.14,,,1.5,4.86,0.919,4.96,1.79,0.753,2.63,0.502,3.42,0.742,2.06,1.89,0.293,3.34,0.611,,2.08,108,0.085,,17.1,44.5
SWIR,DY0115-020-005-014-1,-37.6579,50.4671,0.0001,0.703358,33.58,0.512869,18.664,15.65,38.722,15.5141776,38.191776,13.58224,53.0224,48.29,0.92,16.56,11.2,,,,0.15,7.89,11.56,2.65,0.2,0,,1.63,5.06,1.11,5.39,1.99,0.838,2.88,0.574,3.61,0.826,2.27,2.14,0.32,,,,,,,,,
SWIR,POLANT4-4-006-002,-52.33,13.15,0.01,0.7029,29,0.513004,18.741,15.551,38.541,15.5225244,38.284869,2.84756,25.6131,50.17,1.69,16.23,,,,9.02,0.18,7.96,9.68,3.94,0.41,0.29,,10.7,27.4,3.55,15.7,4.51,1.58,5.45,0.96,6.11,,3.72,3.55,,77,16.4,,7.3,212,,,37,164
SWIR,POLANT4-4-005-036,-52.28,13.68,0.01,0.70292,29.2,0.51302,18.769,15.56,38.623,15.5255596,38.318721,3.44404,30.4279,51.64,1.56,16.3,,,,7.98,,7.16,10.41,3.73,1.41,0.26,,,,,,,,,,,,,,,,,,,,,,,
SWIR,POLANT4-4-006-001,-52.33,13.15,0.01,0.70309,30.9,0.512951,18.867,15.572,38.822,15.5361828,38.437203,3.58172,38.4797,52.28,1.78,16.29,,,,7.82,0.11,6.59,10.11,3.66,0.89,0.3,,,,,,,,,,,,,,,,,,,,,,,
SWIR,AGU0022-003-004,-52.294,18.046,0.001,0.70267,26.7,0.513048,18.968,15.551,38.767,15.5471312,38.559312,0.38688,20.7688,,,,,,,,,,,,,,,5.54,16,2.58,13.4,4.23,1.5,5.14,0.9,5.78,1.21,3.49,3.21,0.48,21.5,4.85,0.7,3.68,164,0.36,0.16,33,130
SWIR,AGU0022-001-001,-52.293,16.91,0.001,0.70248,24.8,0.513056,19.045,15.557,38.554,15.555478,38.652405,0.1522,-9.8405,,,,,,,,,,,,,,,,,,8.405,2.558,,,,,,,,,,,0.303,1.18,106.7,,,,
SWIR,POLANT4-4-002-001,-52.22,14.63,0.01,0.70338,33.8,0.512876,19.243,15.632,39.315,15.5769412,38.891787,5.50588,42.3213,,,,,,,,,,,,,,,,,,,,,,,,,,,,,,,,,,,,
SWIR,POLANT4-4-003-014,-53.12,14.5,0.01,0.70352,35.2,0.512837,19.254,15.642,39.305,15.5781336,38.905086,6.38664,39.9914,51.3,1.93,16.01,,,,9.22,,5.36,7.95,5.03,1.47,0.45,,,,,,,,,,,,,,,,,,,,,,,
SWIR,LEROBOU-WJM-016B,-54.5,3.4,1,0.70376,37.6,0.512861,19.418,15.631,39.05,15.5959112,39.103362,3.50888,-5.3362,,,,,,,,,,,,,,,,,,,,,,,,,,,,,,,,,,,,
SWIR,LEROBOU-WJM-002B,-54.5,3.4,1,0.7037,37,0.512865,19.479,15.65,39.086,15.6025236,39.177111,4.74764,-9.1111,,,,,,,,,,,,,,,,,,,,,,,,,,,,,,,,,,,,
SWIR,POLANT4-4-004-101,-52.1,14.12,0.01,0.70368,36.8,0.512852,19.564,15.649,39.157,15.6117376,39.279876,3.72624,-12.2876,49.77,3.82,14.21,,,,12.65,0.22,4.22,8.71,3.51,1.34,0.67,,,,,,,,,,,,,,,251,47,,22,433,,,41,296
SEIR,DUF0037-006-003,-38.957,78.158,0.001,0.70536,53.6,0.512605,17.777,15.549,38.509,15.4180268,37.119393,13.09732,138.9607,,,,,,,,,,,,,,,,,,,,,,,,,,,,,,,,,,,,
SEIR,PETDB-2871-ST PAUL-41,-38.72,77.55,0.01,0.704494,44.94,0.512757,18.06,15.519,38.55,15.448704,37.46154,7.0296,108.846,,,,,,,,,,,,,0.8,,19.6,57,,,,,,,,,,,,218,38.3,0.27,8.6,257,,0.05,41.6,337
SEIR,MELBMRG-6-R045B,-37.716,77.832,0.001,0.70456,45.6,0.51279,18.554,15.586,39.036,15.5022536,38.058786,8.37464,97.7214,50.8,2.11,14.09,,,,11.6,0.21,5.81,10.5,2.82,0.62,0.22,,16.6,36,,18,4.8,,,,5.4,,3.6,2.7,,,,0.224,,,,,,
SEIR,DUF0037-006-002,-38.978,78.138,0.001,0.70467,46.7,0.512821,18.039,15.555,38.636,15.4464276,37.436151,10.85724,119.9849,,,,,,,,,,,,,,,,,,,,,,,,,,,,,,,,,,,,
SEIR,CHRHYAM-003-003,-37.52,78.43,0.01,0.70411,41.1,0.512822,18.738,15.576,39.009,15.5221992,38.281242,5.38008,72.7758,,,,,,,,,,,,,,,,,,23,5.9,,,,,,,,,,,,8.27,245.2,,,,
SEIR,MELBMRG-6-R044B,-37.721,77.825,0.001,0.70381,38.1,0.51284,19.139,15.618,39.472,15.5656676,38.766051,5.23324,70.5949,50.98,2.69,13.5,,,,13.3,0.2,4.59,9.22,3,0.78,0.31,,19.8,41.5,5.2,23.4,5.8,1.9,6.4,0.94,6.5,1.2,3.6,3.5,0.44,205,28,1.537,15.7,264,2.372,0.591,33,175
SEIR,CHRHYAM-002,-39.68,78.48,0.01,0.70405,40.5,0.512854,18.085,15.561,38.445,15.451414,37.491765,10.9586,95.3235,,,,,,,,,,,,,,,,,,14,4.18,,,,,,,,,,,,8.74,147.5,,,,
SEIR,MELWEST-10-114-012,-49.1163,105.588,0.00001,0.70351,35.1,0.512857,18.351,15.536,38.268,15.4802484,37.813359,5.57516,45.4641,,,,,,,,,,,,,,7.36,11.6,,,14.4,3.72,,,,,,,,,142,21.1,0.89,11.5,301,1.4,0.388,,
SEIR,MELBMRG-6-033-002,-42.115,88.042,0.001,0.70364,36.4,0.512889,17.97,15.501,37.979,15.438948,37.35273,6.2052,62.627,,,,,,,,,,,,,,9.7,,,,,,,,,,,,,,,,,,,,,,
SEIR,MELBMRG-6-SP1A,-38.72,77.55,0.01,0.7036,36,0.51289,18.651,15.558,38.842,15.5127684,38.176059,4.52316,66.5941,50.63,3.29,13.37,,,,14.18,0.24,4.49,8.91,3.25,0.99,0.41,,21.2,48.6,,24.7,6.5,3.2,,,6.6,,4.2,4.2,,,,1.89,,,,,,
SEIR,DSDP028-0265-017-001/061-063,-53.5408,109.946,0.0001,0.70349,34.9,0.512893,18.08,15.497,37.999,15.450872,37.48572,4.6128,51.328,49.51,1.63,16.67,,,,7.87,0.12,8.36,10.51,3.27,0.6,0.3,,9.91,24.14,3.24,11.56,3.219,1.41,4.37,0.75,4.63,0.93,2.75,2.55,0.38,104,14.4,0.706,5.631,220.6,1.03,0.31,29,139
SEIR,CHRHYAM-004-062,-34.91,78.67,0.01,0.70367,36.7,0.512899,18.411,15.568,38.36,15.4867524,37.885899,8.12476,47.4101,,,,,,,,,,,,,,,,,,4.8,1.82,,,,,,,,,,,,0.45,82.3,,,,
SEIR,MOA8801-027-058,-49.062,124.965,0.001,0.70365,36.5,0.512903,17.888,15.49,37.837,15.4300592,37.253592,5.99408,58.3408,,,,,,,,,,,,,,,,,,,,,,,,,,,,,,,,,,,,
SEIR,MELBMRG-6-034-001,-41.517,87.092,0.001,0.70358,35.8,0.512904,17.812,15.497,37.886,15.4218208,37.161708,7.51792,72.4292,,,,,,,,,,,,,,8.9,4.16,,,12.1,4.42,,,,,,,,,16.6,3.37,0.803,,152,,,,
SEIR,MELWEST-10-126-007,-49.527,109.484,0.001,0.70336,33.6,0.512909,18.198,15.512,38.262,15.4636632,37.628382,4.83368,63.3618,,,,,,,,,,,,,,7.07,9.64,,,12.8,3.48,,,,,,,,,95.6,13,0.989,8.39,243,1.15,0.289,,
SEIR,MELWEST-10-089-004,-47.4463,97.512,0.00001,0.70361,36.1,0.512911,17.937,15.499,37.801,15.4353708,37.312833,6.36292,48.8167,,,,,,,,,,,,,,8.08,7.57,,,13,3.84,,,,,,,,,53.5,9.22,0.966,3.75,232,0.558,0.209,,
SEIR,MELWEST-10-128-001,-49.8275,110.412,0.00001,0.70343,34.3,0.512917,18.132,15.533,38.193,15.4565088,37.548588,7.64912,64.4412,,,,,,,,,,,,,,7.13,5.4,,,8.33,2.62,,,,,,,,,51.1,7.04,0.6,4.7,150,0.606,0.159,,
SEIR,CHRHYAM-STPAUL,-38.7,77.5,0.01,0.70363,36.3,0.512925,18.696,15.58,38.802,15.5176464,38.230464,6.23536,57.1536,,,,,,,,,,,,,,,,,,13.41,3.39,,,,,,,,,,,,8.3,336.2,,,,
SEIR,MELWEST-10-145-001,-49.2749,116.718,0.00001,0.70369,36.9,0.512929,17.594,15.473,37.612,15.3981896,36.898146,7.48104,71.3854,,,,,,,,,,,,,,6.53,6.11,,,10.6,3.19,,,,,,,,,69.9,8.59,0.83,6.1,204,0.634,0.183,,
SEIR,PETDB-2871-ST PAUL-21,-38.72,77.55,0.01,0.70407,40.7,0.51293,18.32,15.58,38.44,15.476888,37.77588,10.3112,66.412,,,,,,,,,,,,,0.35,,13.5,34.2,,17.5,4.75,1.62,,0.89,,,,2.64,0.38,138,22.6,0.28,10.3,299,1.79,0.04,28.6,197
SEIR,MELWEST-10-111-018,-48.2133,104.662,0.00001,0.70312,31.2,0.512934,18.322,15.506,38.217,15.4771048,37.778298,2.88952,43.8702,,,,,,,,,,,,,,7.16,8.59,,,13.8,3.88,,,,,,,,,57.7,10.8,0.82,4.76,209,0.76,0.236,,
SEIR,MELBMRG-6-036-001,-41.098,86.23,0.001,0.70348,34.8,0.512943,17.735,15.487,37.76,15.413474,37.068615,7.3526,69.1385,,,,,,,,,,,,,,8.5,4.03,,,12,4.34,,,,,,,,,15.2,3.39,0.824,,126,,,,
SEIR,MELWEST-10-066-018,-41.7217,89.3178,0.00001,0.70337,33.7,0.512949,18.173,15.492,38.013,15.4609532,37.598157,3.10468,41.4843,,,,,,,,,,,,,,,2.58,,,8.33,2.89,,,,,,,,,6.7,1.68,0.44,0.48,119,0.072,0.044,,
SEIR,MELWEST-10-089-107,-47.4463,97.512,0.00001,0.70339,33.9,0.512952,17.859,15.492,37.743,15.4269156,37.218531,6.50844,52.4469,,,,,,,,,,,,,,8.33,5.6,,,11.4,3.51,,,,,,,,,32.9,5.78,0.757,2.45,204,0.428,0.149,,
SEIR,MELWEST-10-069-001,-41.87,88.9222,0.00001,0.70331,33.1,0.512954,18.03,15.473,37.892,15.445452,37.42527,2.7548,46.673,,,,,,,,,,,,,,9.14,1.4,,,4.77,1.79,,,,,,,,,4.4,0.738,0.193,0.29,100,0.05,0.019,,
SEIR,MELWEST-10-090-001,-47.7107,98.1568,0.00001,0.70308,30.8,0.51296,17.843,15.483,37.614,15.4251812,37.199187,5.78188,41.4813,,,,,,,,,,,,,,7.9,3.74,,,9.82,3.32,,,,,,,,,9.9,2.45,0.477,0.72,149,0.157,0.067,,
SEIR,MELWEST-10-076-001,-43.8823,93.1143,0.00001,0.70332,33.2,0.512961,17.874,15.484,37.586,15.4285416,37.236666,5.54584,34.9334,,,,,,,,,,,,,,8.46,4.42,,,11.2,3.55,,,,,,,,,31.4,3.98,0.552,1.77,167,0.187,0.081,,
SEIR,CHRHYAM-005-001,-34.96,78.54,0.01,0.70321,32.1,0.512963,18.431,15.551,38.396,15.4889204,37.910079,6.20796,48.5921,,,,,,,,,,,,,,,,,,6.45,2.14,,,,,,,,,,,,1.87,133.3,,,,
SEIR,MELWEST-10-048WC,-46.09,95.93,0.01,0.70309,30.9,0.512963,18.494,15.519,38.25,15.4957496,37.986246,2.32504,26.3754,,,,,,,,,,,,,,7.31,12.6,,,14.7,3.73,,,,,,,,,127,20.4,0.853,10.6,272,1.36,0.478,,
SEIR,VEM0033-2-008-008,-49.467,121.033,0.001,0.70314,31.4,0.512972,18.22,15.465,38.212,15.466048,37.65498,-0.1048,55.702,,,,,,,,,,,,,,,,,,10.76,3.14,,,,,,,,,,,,6.1,177,,,,
SEIR,MELWEST-10-122-001,-48.7383,108.277,0.00001,0.70298,29.8,0.512972,18.282,15.491,38.273,15.4727688,37.729938,1.82312,54.3062,,,,,,,,,,,,,,6.65,6.96,,,14.9,4.6,,,,,,,,,38,7.25,0.724,3.52,132,0.529,0.162,,
SEIR,MELWEST-10-118-001,-48.4288,107.527,0.00001,0.70301,30.1,0.512973,18.365,15.503,38.353,15.481766,37.830285,2.1234,52.2715,,,,,,,,,,,,,,6.8,10.5,,,17.9,5.18,,,,,,,,,80.3,13.9,0.939,7.59,204,1.03,0.299,,
SEIR,MELWEST-10-100-001,-47.6313,101.532,0.00001,0.70306,30.6,0.512978,18.105,15.485,37.944,15.453582,37.515945,3.1418,42.8055,,,,,,,,,,,,,,7.32,6.4,,,12.1,3.64,,,,,,,,,40.5,7.67,0.66,3.48,144,0.521,0.159,,
SEIR,DUF0037-001-001,-26.917,72.242,0,0.70315,31.5,0.512981,17.722,15.466,37.686,15.4120648,37.052898,5.39352,63.3102,,,,,,,,,,,,,,,,,,,,,,,,,,,,,,,,,,,,
SEIR,MELWEST-10-087-038,-46.7782,96.3675,0.00001,0.70323,32.3,0.512981,17.731,15.47,37.596,15.4130404,37.063779,5.69596,53.2221,,,,,,,,,,,,,,8.37,2.64,,,8.31,2.99,,,,,,,,,10.2,1.7,0.426,0.73,122,0.141,0.044,,
SEIR,MELWEST-10-112-001,-48.3172,104.966,0.00001,0.70304,30.4,0.512985,18.14,15.494,37.99,15.457376,37.55826,3.6624,43.174,,,,,,,,,,,,,,,4.01,,,8.94,2.91,,,,,,,,,19.6,3.62,0.498,1.52,115,0.274,0.086,,
SEIR,MELWEST-10-091-003,-47.9095,98.6012,0.00001,0.70315,31.5,0.512986,17.914,15.483,37.682,15.4328776,37.285026,5.01224,39.6974,,,,,,,,,,,,,,7.92,6.95,,,17.6,5.81,,,,,,,,,34.6,7.32,0.909,3.13,125,0.396,0.168,,
SEIR,MELWEST-10-083-017,-45.0512,95.764,0.00001,0.7032,32,0.512986,18.133,15.504,37.92,15.4566172,37.549797,4.73828,37.0203,,,,,,,,,,,,,,,6.22,,,9.49,2.74,,,,,,,,,57,9.33,0.568,4.59,190,0.575,0.186,,
SEIR,DUF0037-007-001,-34.383,78.023,0.001,0.70311,31.1,0.512986,18.388,15.508,38.409,15.4842592,37.858092,2.37408,55.0908,,,,,,,,,,,,,,,,,,,,,,,,,,,,,,,,,,,,
SEIR,VEM0033-2-008-006,-49.467,121.033,0.001,0.703212,32.12,0.512988,18.2441,15.4927,38.2809,15.46866044,37.6841169,2.403956,59.67831,,,,,,,,,,,,,,,,,,,,,,,,,,,,,,,,,,,,
SEIR,MELWEST-10-098-003,-47.4583,100.961,0.00001,0.70301,30.1,0.512988,18.257,15.512,38.102,15.4700588,37.699713,4.19412,40.2287,,,,,,,,,,,,,,7.33,5.34,,,9.84,3.06,,,,,,,,,37.6,6.81,0.518,3.53,164,0.552,0.162,,
SEIR,MELWEST-10-146-001,-49.5055,117.182,0.00001,0.70318,31.8,0.512991,17.974,15.513,38.027,15.4393816,37.357566,7.36184,66.9434,,,,,,,,,,,,,,6.65,3.97,,,9.31,2.97,,,,,,,,,20.7,3.44,0.605,1.97,135,0.236,0.071,,
SEIR,CHRHYAM-004-043,-34.91,78.67,0.01,0.70312,31.2,0.512991,18.331,15.53,38.215,15.4780804,37.789179,5.19196,42.5821,,,,,,,,,,,,,,,,,,7.7,2.48,,,,,,,,,,,,4.36,114.2,,,,
SEIR,MELWEST-10-115-003,-49.2287,105.868,0.00001,0.70311,31.1,0.512992,18.06,15.495,38.005,15.448704,37.46154,4.6296,54.346,,,,,,,,,,,,,,6.8,4.67,,,10.1,3.27,,,,,,,,,28.1,4.76,0.607,2.44,113,0.376,0.104,,
SEIR,MELWEST-10-075-004,-43.5785,92.677,0.00001,0.70324,32.4,0.512995,17.844,15.478,37.547,15.4252896,37.200396,5.27104,34.6604,,,,,,,,,,,,,,8.37,3.58,,,10.1,3.31,,,,,,,,,21,3.12,0.478,1.19,140,0.134,0.061,,
SEIR,VEM0033-2-010-010,-49.917,115.375,0.001,0.70346,34.6,0.512997,17.772,15.494,37.837,15.4174848,37.113348,7.65152,72.3652,,,,,,,,,,,,,,,,,,7.72,2.55,,,,,,,,,,,,1.08,143,,,,
SEIR,MOA8801-024-018,-49.768,126.167,0.001,0.70305,30.5,0.512997,17.965,15.47,37.872,15.438406,37.346685,3.1594,52.5315,,,,,,,,,,,,,,,,,,,,,,,,,,,,,,,,,,,,
SEIR,MELWEST-10-141-001,-50.3475,113.616,0.00001,0.70297,29.7,0.512999,17.947,15.461,37.796,15.4364548,37.324923,2.45452,47.1077,,,,,,,,,,,,,,7.35,5.73,,,12.7,4.05,,,,,,,,,33.2,6.26,0.617,2.98,144,0.388,0.129,,
SEIR,MELWEST-10-096-001,-47.335,100.672,0.00001,0.70301,30.1,0.513001,18.133,15.483,37.923,15.4566172,37.549797,2.63828,37.3203,,,,,,,,,,,,,,7.36,5.77,,,12.2,3.81,,,,,,,,,31.2,6.57,0.646,2.79,147,0.433,0.155,,
SEIR,VEM0033-2-007-007,-49.033,124,0.001,0.703,30,0.513007,18.008,15.462,37.794,15.4430672,37.398672,1.89328,39.5328,,,,,,,,,,,,,,,,,,7.66,2.54,,,,,,,,,,,,1.28,148,,,,
SEIR,MELWEST-10-116-002,-48.8733,106.494,0.00001,0.70294,29.4,0.513007,18.233,15.487,38.175,15.4674572,37.670697,1.95428,50.4303,,,,,,,,,,,,,,,7.16,,,12.5,3.79,,,,,,,,,60.2,9.79,0.654,5.54,141,0.798,0.215,,
SEIR,MELWEST-10-116-015,-48.8733,106.494,0.00001,0.7029,29,0.513008,18.251,15.5,38.223,15.4694084,37.692459,3.05916,53.0541,,,,,,,,,,,,,,6.82,6.99,,,12.6,3.84,,,,,,,,,52.9,9.37,0.611,4.86,144,0.63,0.197,,
SEIR,DUF0037-004-001,-32.665,77.596,0.001,0.702982,29.82,0.51301,18,15.489,38.04,15.4422,37.389,4.68,65.1,,,,,,,,,,,,,,,3.12,10,,7.81,2.55,0.98,3.56,,4,,2.42,2.25,,,,,1.65,120,,,,
SEIR,MELWEST-10-081-001,-45.1743,95.59,0.00001,0.70305,30.5,0.513011,17.883,15.479,37.546,15.4295172,37.247547,4.94828,29.8453,,,,,,,,,,,,,,7.81,3.02,,,8.83,3,,,,,,,,,14.2,2.16,0.382,0.78,124,0.104,0.044,,
SEIR,MELWEST-10-144-004,-50.0078,115.212,0.00001,0.70315,31.5,0.513011,17.894,15.459,37.887,15.4307096,37.260846,2.82904,62.6154,,,,,,,,,,,,,,6.84,3.55,,,8.91,2.96,,,,,,,,,16,3.06,0.514,1.44,118,0.188,0.06,,
SEIR,MELWEST-10-117-001,-48.3497,107.145,0.00001,0.70289,28.9,0.513011,18.284,15.508,38.249,15.4729856,37.732356,3.50144,51.6644,,,,,,,,,,,,,,6.88,7.36,,,14.5,4.4,,,,,,,,,49.2,8.55,0.716,4.24,151,0.628,0.189,,
SEIR,MELWEST-10-078-002,-44.833,94.8328,0.00001,0.70312,31.2,0.513012,17.871,15.489,37.537,15.4282164,37.233039,6.07836,30.3961,,,,,,,,,,,,,,7.7,3.08,,,8.38,2.85,,,,,,,,,18.2,2.42,0.401,0.9,131,0.111,0.053,,
SEIR,MOA8801-030-006,-48.943,124.282,0.001,0.70295,29.5,0.513012,17.926,15.475,37.769,15.4341784,37.299534,4.08216,46.9466,,,,,,,,,,,,,,,,,,,,,,,,,,,,,,,,,,,,
SEIR,MELWEST-10-138-036,-50.1879,112.857,0.00001,0.70298,29.8,0.513012,17.952,15.466,37.791,15.4369968,37.330968,2.90032,46.0032,,,,,,,,,,,,,,,4.27,,,9.26,3.01,,,,,,,,,25.4,4.32,0.48,1.93,127,0.304,0.084,,
SEIR,MELWEST-10-088-001,-47.076,96.8325,0.00001,0.70314,31.4,0.513015,17.841,15.481,37.786,15.4249644,37.196769,5.60356,58.9231,,,,,,,,,,,,,,9.38,1.99,,,6.53,2.41,,,,,,,,,5.2,1.12,0.28,0.4,75.1,0.086,0.024,,
SEIR,MELWEST-10-142-001,-49.8604,114.481,0.00001,0.70308,30.8,0.513015,17.935,15.479,37.938,15.435154,37.310415,4.3846,62.7585,,,,,,,,,,,,,,,4.15,,,10.3,3.41,,,,,,,,,18.2,3.62,0.534,1.7,130,0.214,0.069,,
SEIR,MELWEST-10-106-004,-47.878,103.353,0.001,0.7029,29,0.513015,18.114,15.477,37.922,15.4545576,37.526826,2.24424,39.5174,,,,,,,,,,,,,,7.12,3.17,,,7.31,2.38,,,,,,,,,16,3.25,0.41,1.25,123,0.164,0.061,,
SEIR,MELWEST-10-074-002,-43.4282,92.3333,0.00001,0.70314,31.4,0.513016,17.848,15.464,37.549,15.4257232,37.205232,3.82768,34.3768,,,,,,,,,,,,,,,4.49,,,11.8,3.76,,,,,,,,,27.4,3.69,0.608,1.48,152,0.214,0.072,,
SEIR,VEM0033-2-009-001,-49.808,119.175,0.001,0.702849,28.49,0.513017,18.0908,15.4886,38.0125,15.45204272,37.4987772,3.655728,51.37228,,,,,,,,,,,,,,,,,,,,,,,,,,,,,,,,,,,,
SEIR,DUF0037-001-006,-26.917,72.242,0,0.703189,31.89,0.513018,17.666,15.437,37.67,15.4059944,36.985194,3.10056,68.4806,,,,,,,,,,,,,,,2.46,7.88,,6.56,2.24,0.87,3.08,,3.56,,2.2,1.95,,,,,2.03,154,,,,
SEIR,MELWEST-10-079-017,-45.106,95.4088,0.00001,0.70304,30.4,0.513018,17.875,15.477,37.523,15.42865,37.237875,4.835,28.5125,,,,,,,,,,,,,,,3.65,,,11.5,4,,,,,,,,,15.4,2.72,0.547,0.94,128,0.096,0.055,,
SEIR,MELWEST-10-082-035,-45.1845,95.6983,0.00001,0.70311,31.1,0.513018,17.926,15.479,37.55,15.4341784,37.299534,4.48216,25.0466,,,,,,,,,,,,,,7.75,3.13,,,9.24,3.12,,,,,,,,,15,2.51,0.395,0.93,110,0.067,0.051,,
SEIR,MELWEST-10-140-005,-50.3007,113.454,0.00001,0.70292,29.2,0.513018,18.017,15.45,37.81,15.4440428,37.409553,0.59572,40.0447,,,,,,,,,,,,,,7.26,5.54,,,13,4.13,,,,,,,,,26.1,5.36,0.596,2.43,137,0.355,0.122,,
SEIR,MELWEST-10-097-008,-47.1865,100.863,0.00001,0.70284,28.4,0.513018,18.088,15.466,37.874,15.4517392,37.495392,1.42608,37.8608,,,,,,,,,,,,,,,3.52,,,8.92,2.75,,,,,,,,,11.3,2.43,0.447,0.84,195,0.133,0.059,,
SEIR,MELWEST-10-092-001,-48.1005,98.9432,0.00001,0.70317,31.7,0.513019,17.891,15.486,37.578,15.4303844,37.257219,5.56156,32.0781,,,,,,,,,,,,,,7.82,3.08,,,8.47,2.9,,,,,,,,,21.2,3.13,0.493,1.53,122,0.144,0.069,,
SEIR,MELWEST-10-099-015,-47.59,101.223,0.00001,0.70293,29.3,0.51302,17.996,15.467,37.764,15.4417664,37.384164,2.52336,37.9836,,,,,,,,,,,,,,,4,,,10,3.3,,,,,,,,,16.4,3.58,0.608,1.4,132,0.22,0.087,,
SEIR,MELWEST-10-070-032,-42.568,90.204,0.001,0.70302,30.2,0.513021,17.91,15.474,37.646,15.432444,37.28019,4.1556,36.581,,,,,,,,,,,,,,8.61,3.46,,,10.6,3.58,,,,,,,,,11.4,2.55,0.542,0.79,118,0.108,0.057,,
SEIR,MELWEST-10-102-001,-47.8763,102.14,0.00001,0.70293,29.3,0.513021,17.989,15.475,37.77,15.4410076,37.375701,3.39924,39.4299,,,,,,,,,,,,,,,2.89,,,8.34,2.85,,,,,,,,,11.7,2.45,0.406,1,112,0.131,0.055,,
SEIR,MELWEST-10-125-001,-49.45,109.105,0.001,0.70285,28.5,0.513023,18.128,15.475,38.047,15.4560752,37.543752,1.89248,50.3248,,,,,,,,,,,,,,6.68,3,,,7.96,2.64,,,,,,,,,10.4,2.43,0.37,0.93,118,0.109,0.049,,
SEIR,MELWEST-10-108-003,-47.972,103.571,0.00001,0.70293,29.3,0.513024,18.103,15.482,37.936,15.4533652,37.513527,2.86348,42.2473,,,,,,,,,,,,,,,3.51,,,7.85,2.66,,,,,,,,,16.4,3.05,0.361,1.23,116,0.221,0.078,,
SEIR,MOA8801-018-004,-50.042,126.742,0.001,0.70305,30.5,0.513025,17.903,15.459,37.742,15.4316852,37.271727,2.73148,47.0273,,,,,,,,,,,,,,,,,,,,,,,,,,,,,,,,,,,,
SEIR,CHRRODR-2-002-001,-25.61,69.94,0.01,0.70305,30.5,0.513027,17.477,15.455,37.47,15.3855068,36.756693,6.94932,71.3307,,,,,,,,,,,,,,,2.36,8.09,,7.11,2.37,0.855,3.33,,3.56,,2.17,1.96,,,,,1,98,,,,
SEIR,MELWEST-10-110-004,-48.1037,103.931,0.00001,0.70286,28.6,0.513028,18.062,15.466,37.844,15.4489208,37.463958,1.70792,38.0042,,,,,,,,,,,,,,7.25,2.69,,,7.52,2.65,,,,,,,,,9.6,2.12,0.324,0.78,95.8,0.132,0.045,,
SEIR,MELWEST-10-072-002,-43.4172,91.2892,0.00001,0.70298,29.8,0.513029,17.97,15.464,37.661,15.438948,37.35273,2.5052,30.827,,,,,,,,,,,,,,8.21,1.85,,,6.6,2.37,,,,,,,,,5.5,1.03,0.26,0.32,87.8,0.063,0.021,,
SEIR,MELWEST-10-073-008,-43.4683,91.684,0.00001,0.70302,30.2,0.513032,17.868,15.485,37.569,15.4278912,37.229412,5.71088,33.9588,,,,,,,,,,,,,,8.24,4.06,,,12.1,4.27,,,,,,,,,17.5,2.7,0.584,0.95,119,0.14,0.064,,
SEIR,CHRHYAM-001-005,-40.34,78.65,0.01,0.70343,34.3,0.513032,18.02,15.518,37.985,15.444368,37.41318,7.3632,57.182,,,,,,,,,,,,,,,,,,5.85,2.06,,,,,,,,,,,,1.66,91.5,,,,
SEIR,AAR2011-RC16,-60.2184,151.835,0.00001,0.702841,28.41,0.513033,19.1449,15.5588,38.8283,15.56630716,38.7731841,-0.750716,5.51159,,,,,,,,,,,,,,,,,,,,,,,,,,,,,,,,,,,,
SEIR,MELWEST-10-138-001,-50.1879,112.857,0.00001,0.70289,28.9,0.513035,17.968,15.443,37.722,15.4387312,37.350312,0.42688,37.1688,,,,,,,,,,,,,,7.28,5.78,,,16,5.24,,,,,,,,,21.5,5.21,0.662,2.19,115,0.322,0.114,,
SEIR,MELWEST-10-084-007,-45.1105,95.9322,0.00001,0.70308,30.8,0.513036,17.754,15.463,37.498,15.4155336,37.091586,4.74664,40.6414,,,,,,,,,,,,,,8.08,3.41,,,9.69,3.26,,,,,,,,,13.6,2.74,0.467,0.96,152,0.125,0.057,,
SEIR,MELWEST-10-132-001,-50.2115,111.783,0.00001,0.70287,28.7,0.513036,17.972,15.478,37.829,15.4391648,37.355148,3.88352,47.3852,,,,,,,,,,,,,,,4.38,,,10.7,3.29,,,,,,,,,22.2,3.61,0.561,2.08,168,0.245,0.075,,
SEIR,VEM0033-2-009-002,-49.808,119.175,0.001,0.70293,29.3,0.513036,18.248,15.489,38.003,15.4690832,37.688832,1.99168,31.4168,,,,,,,,,,,,,,,,,,9.06,3.08,,,,,,,,,,,,1.19,124,,,,
SEIR,VEM0033-2-007-003,-49.033,124,0.001,0.7029,29,0.513037,18.057,15.439,37.858,15.4483788,37.457913,-0.93788,40.0087,,,,,,,,,,,,,,,,,,14.48,4.29,,,,,,,,,,,,3.92,179,,,,
SEIR,MELWEST-10-065-009,-43.0822,91.0947,0.00001,0.70302,30.2,0.513038,17.868,15.48,37.564,15.4278912,37.229412,5.21088,33.4588,,,,,,,,,,,,,,8.35,3.62,,,10.9,3.74,,,,,,,,,19,2.93,0.445,1.28,115,0.154,0.073,,
SEIR,MOA8801-005-001,-48.68,126.52,0.001,0.70284,28.4,0.513038,18.226,15.465,37.956,15.4666984,37.662234,-0.16984,29.3766,,,,,,,,,,,,,,,,,,,,,,,,,,,,,,,,,,,,
SEIR,MELWEST-10-103-004,-48.0187,102.54,0.00001,0.70291,29.1,0.513039,17.951,15.465,37.719,15.4368884,37.329759,2.81116,38.9241,,,,,,,,,,,,,,7.18,2.38,,,6.81,2.36,,,,,,,,,10.3,2.05,0.336,0.92,106,0.102,0.045,,
SEIR,MELWEST-10-071-001,-42.8863,90.7952,0.00001,0.70293,29.3,0.51304,17.863,15.479,37.456,15.4273492,37.223367,5.16508,23.2633,,,,,,,,,,,,,,8.02,3.26,,,9.45,3.3,,,,,,,,,19.1,2.3,0.448,0.84,139,0.112,0.039,,
SEIR,MELWEST-10-134-001,-50.296,112.49,0.00001,0.70285,28.5,0.51304,17.964,15.454,37.819,15.4382976,37.345476,1.57024,47.3524,,,,,,,,,,,,,,7.2,3.28,,,9.16,3.13,,,,,,,,,16.5,2.56,0.364,1.57,97.6,0.186,0.056,,
SEIR,VEM0033-2-011-006,-49.858,118,0.001,0.70284,28.4,0.513041,17.944,15.409,37.743,15.4361296,37.321296,-2.71296,42.1704,,,,,,,,,,,,,,,,,,7.49,2.54,,,,,,,,,,,,0.75,148,,,,
SEIR,MELWEST-10-124-001,-49.0252,108.514,0.00001,0.70273,27.3,0.513041,18.011,15.459,37.845,15.4433924,37.402299,1.56076,44.2701,,,,,,,,,,,,,,6.83,1.98,,,6.38,2.33,,,,,,,,,3.6,1.1,0.288,0.32,92,0.025,0.019,,
SEIR,DUF0037-002-001,-29.7,75.191,0,0.702931,29.31,0.513044,17.817,15.447,37.75,15.4223628,37.167753,2.46372,58.2247,,,,,,,,,,,,,,,3.03,9.4,,8.5,2.87,1.075,3.91,,4.57,,2.85,2.63,,,,,1.55,170,,,,
SEIR,MELWEST-10-136-015,-50.3231,112.686,0.00001,0.70283,28.3,0.513044,17.95,15.466,37.821,15.43678,37.32855,2.922,49.245,,,,,,,,,,,,,,,3.55,,,9.94,3.4,,,,,,,,,15.3,2.94,0.425,1.57,108,0.185,0.063,,
SEIR,CHRRODR-2-003-001,-25.66,70.054,0.01,0.703149,31.49,0.513047,17.44,15.443,37.4,15.381496,36.71196,6.1504,68.804,,,,,,,,,,,,,,,2.52,7.98,,7.03,2.36,0.895,3.3,,3.73,,2.31,2.12,,,,,1.16,112,,,,
SEIR,DUF0023-002-001,-26.521,71.925,0.01,0.70308,30.8,0.513047,17.62,15.443,37.57,15.401008,36.92958,4.1992,64.042,,,,,,,,,,,,,,,2.26,6.72,,6.33,2.26,0.86,3.22,,3.85,,2.39,2.2,,,,,1.34,93,,,,
SEIR,MELWEST-10-105-001,-47.765,103.038,0.00001,0.7029,29,0.513047,17.987,15.48,37.802,15.4407908,37.373283,3.92092,42.8717,,,,,,,,,,,,,,,4.74,,,10.6,3.32,,,,,,,,,18.1,4.02,0.609,1.5,165,0.236,0.086,,
SEIR,CHRRODR-3-003-001,-25.57,70.026,0,0.703113,31.13,0.513048,17.488,15.455,37.5,15.3866992,36.769992,6.83008,73.0008,,,,,,,,,,,,,,,2.92,8.2,,6.85,2.26,0.82,3.02,,3.5,,2.15,1.94,,,,,1.64,119,,,,
SEIR,MOA8801-026-001,-48.943,124.282,0.001,0.70276,27.6,0.513048,17.894,15.452,37.626,15.4307096,37.260846,2.12904,36.5154,,,,,,,,,,,,,,,,,,,,,,,,,,,,,,,,,,,,
SEIR,MOA8801-007-001,-49.227,127.657,0.001,0.702602,26.02,0.513048,18.633,15.496,38.22,15.5108172,38.154297,-1.48172,6.5703,50.14,1.89,14.17,,,,10.18,0.17,7.32,11.64,2.52,0.09,0.14,,3.85,12.8,,15.9,4.35,1.45,,1.1,,,,4.7,0.63,6,,,22,98,0.08,,41,133
SEIR,MOA8801-006-002,-48.765,126.883,0.001,0.70268,26.8,0.51305,18.398,15.477,38.005,15.4853432,37.870182,-0.83432,13.4818,,,,,,,,,,,,,,,,,,,,,,,,,,,,,,,,,,,,
SEIR,VEM0033-1-001,-50.408,131.005,0.001,0.70261,26.1,0.51305,18.75,15.49,38.19,15.5235,38.29575,-3.35,-10.575,50.9,2.12,15.25,,,,10.02,0.16,8.02,10.27,2.89,0.22,,,,,,15.9,4.77,,,,,,,,,,,0.681,2.11,180,,0.134,,
SEIR,VEM0033-1-001-G,-50.408,131.005,0.001,0.70261,26.1,0.51305,18.75,15.49,38.19,15.5235,38.29575,-3.35,-10.575,,,,,,,,,,,,,,,,,,15.9,4.77,,,,,,,,,,,0.681,2.11,180,,0.134,,
SEIR,MELWEST-10-113-007,-48.7517,105.224,0.00001,0.70274,27.4,0.513052,18.144,15.467,37.936,15.4578096,37.563096,0.91904,37.2904,,,,,,,,,,,,,,6.82,3.94,,,9.95,3.27,,,,,,,,,19.6,3.85,0.429,1.66,114,0.218,0.074,,
SEIR,DUF0037-003-001,-26.92,72.24,0.01,0.70305,30.5,0.513053,17.635,15.457,37.493,15.402634,36.947715,5.4366,54.5285,,,,,,,,,,,,,,,,,,,,,,,,,,,,,,,,,,,,
SEIR,DUF0037-004-001,-32.665,77.596,0.001,0.703,30,0.513053,17.854,15.429,37.728,15.4263736,37.212486,0.26264,51.5514,,,,,,,,,,,,,,,,,,,,,,,,,,,,,,,,,,,,
SEIR,MOA8801-017-026,-50.222,127.417,0.001,0.70254,25.4,0.513054,18.63,15.475,38.099,15.510492,38.15067,-3.5492,-5.167,,,,,,,,,,,,,,,,,,,,,,,,,,,,,,,,,,,,
SEIR,MELWEST-10-135-008,-50.3073,112.595,0.00001,0.70281,28.1,0.513055,17.931,15.455,37.785,15.4347204,37.305579,2.02796,47.9421,,,,,,,,,,,,,,7.2,3.8,,,10.9,3.73,,,,,,,,,16.8,3.08,0.464,1.74,104,0.206,0.056,,
SEIR,MELWEST-10-130-001,-49.7813,111.134,0.00001,0.70274,27.4,0.513057,18.064,15.468,37.964,15.4491376,37.466376,1.88624,49.7624,,,,,,,,,,,,,,7.3,2.9,,,8.77,2.95,,,,,,,,,9.5,1.8,0.478,0.85,133,0.092,0.042,,
SEIR,VEM0033-1-002-019,-50.267,132.55,0.001,0.70261,26.1,0.513058,18.911,15.514,38.319,15.5409524,38.490399,-2.69524,-17.1399,,,,,,,,,,,,,,,,,,13.15,4.55,,,,,,,,,,,,0.5,115,,,,
SEIR,DUF0023-003-001,-25.385,70.064,0.001,0.703135,31.35,0.513059,17.334,15.46,37.36,15.3700056,36.583806,8.99944,77.6194,,,,,,,,,,,,,,,0.753,3.05,,4.02,1.67,0.68,2.56,,3.18,,2,1.86,,,,,0.11,57,,,,
SEIR,CHRHYAM-009-008,-30.33,75.76,0.01,0.70288,28.8,0.513059,17.961,15.487,37.794,15.4379724,37.341849,4.90276,45.2151,,,,,,,,,,,,,,,,,,9.43,3.19,,,,,,,,,,,,1.03,127.2,,,,
SEIR,MELWEST-10-077-007,-44.1167,93.773,0.00001,0.70292,29.2,0.51306,17.793,15.465,37.443,15.4197612,37.138737,4.52388,30.4263,,,,,,,,,,,,,,8.34,4.17,,,12.7,4.36,,,,,,,,,14.1,2.78,0.552,0.95,106,0.177,0.068,,
SEIR,AII0093-6-011-016,-24.675,70.045,0.001,0.70322,32.2,0.51306,17.884,15.563,37.838,15.4296256,37.248756,13.33744,58.9244,51.43,1.5,14.83,,,,9.25,0.19,7.66,11.09,3.09,0.14,,,,,,,,,,,,,,,,15.6,,,1.3,125,,,,
SEIR,MOA8801-016-012,-50.163,127.577,0.001,0.70258,25.8,0.513064,18.798,15.504,38.291,15.5287032,38.353782,-2.47032,-6.2782,,,,,,,,,,,,,,,,,,,,,,,,,,,,,,,,,,,,
SEIR,CHRHYAM-007-002,-31.26,76.5,0.01,0.70283,28.3,0.513065,17.884,15.467,37.726,15.4296256,37.248756,3.73744,47.7244,,,,,,,,,,,,,,,,,,8.25,2.75,,,,,,,,,,,,1.29,133.7,,,,
SEIR,MOA8801-020-001,-49.522,127.593,0.001,0.70259,25.9,0.513067,18.609,15.49,38.18,15.5082156,38.125281,-1.82156,5.4719,50.87,2.03,14.53,,,,10.41,0.17,7.25,10.61,2.79,0.11,0.22,,4.82,12.5,,12.9,5.08,1.57,,1.15,,,,4.76,0.76,7,,,15,110,0.07,,42,145
SEIR,AII0093-6-010-003,-24.98,70.012,0.001,0.70304,30.4,0.51307,17.307,15.531,37.214,15.3670788,36.551163,16.39212,66.2837,52.17,1.35,14.91,,,,9.09,0.18,8.17,11.24,2.73,0.09,,,,,,,,,,,,,,,,8.49,,,0.701,98.8,,,,
SEIR,MELWEST-10-133-001,-50.3163,112.316,0.00001,0.70271,27.1,0.513071,17.813,15.443,37.594,15.4219292,37.162917,2.10708,43.1083,,,,,,,,,,,,,,,3.07,,,9.19,3.12,,,,,,,,,12.2,2.01,0.435,1.21,129,0.142,0.048,,
SEIR,AII0093-5-005,-24.98,69.99,0.01,0.70303,30.3,0.513072,17.315,15.443,37.251,15.367946,36.560835,7.5054,69.0165,,,,,,,,,,,,,,,,,,,,,,,,,,,,,,,,,,,,
SEIR,CHRHYAM-009-007,-30.33,75.76,0.01,0.70287,28.7,0.513073,17.927,15.484,37.764,15.4342868,37.300743,4.97132,46.3257,,,,,,,,,,,,,,,,,,9.4,3.18,,,,,,,,,,,,0.99,128.5,,,,
SEIR,VEM0033-1-003-004,-50.417,135.09,0.001,0.70257,25.7,0.513074,18.998,15.613,38.468,15.5503832,38.595582,6.26168,-12.7582,,,,,,,,,,,,,,,,,,12.2,3.8,,,,,,,,,,,,0.59,178,,,,
SEIR,MOA8801-013-047,-50.147,128.015,0.001,0.70258,25.8,0.513076,18.656,15.485,38.136,15.5133104,38.182104,-2.83104,-4.6104,,,,,,,,,,,,,,,,,,,,,,,,,,,,,,,,,,,,
SEIR,AII0093-6-014-023,-25.78,70.183,0.001,0.70311,31.1,0.513077,17.469,15.449,37.456,15.3846396,36.747021,6.43604,70.8979,,,,,,,,,,,,,,,,,,,,,,,,,,,,,,,,,,,,
SEIR,CHRHYAM-010-014,-28.9,74.67,0.01,0.70302,30.2,0.513077,17.925,15.509,37.822,15.43407,37.298325,7.493,52.3675,,,,,,,,,,,,,,,,,,5.1,1.76,,,,,,,,,,,,0.58,134.8,,,,
SEIR,AII0093-6-010-103,-24.98,70.012,0.001,0.703035,30.35,0.513083,17.325,15.456,37.287,15.36903,36.572925,8.697,71.4075,,,,,,,,,,,,,,,2.8,9.12,1.7,9.08,3.28,1.23,4.72,,5.7,1.26,3.57,3.33,,8.82,,0.514,0.7,99.4,,0.034,32.6,86.6
SEIR,AII0093-6-010-103,-24.98,70.012,0.001,0.70304,30.4,0.513083,17.325,15.456,37.287,15.36903,36.572925,8.697,71.4075,,,,,,,,,,,,,,,,,,,,,,,,,,,,,,,,,,,,
SEIR,CHRHYAM-006-025,-32.51,77.43,0.01,0.70296,29.6,0.513083,17.952,15.477,37.826,15.4369968,37.330968,4.00032,49.5032,,,,,,,,,,,,,,,,,,8.99,3.09,,,,,,,,,,,,1.05,115.2,,,,
SEIR,MOA8801-016-001,-50.163,127.577,0.001,0.70251,25.1,0.513088,18.717,15.466,38.153,15.5199228,38.255853,-5.39228,-10.2853,,,,,,,,,,,,,,,,,,,,,,,,,,,,,,,,,,,,
SEIR,AII0093-6-013-001,-25.78,70.183,0.001,0.70317,31.7,0.51309,17.661,15.528,37.697,15.4054524,36.979149,12.25476,71.7851,51.36,1.14,15.05,,,,8.14,0.16,8.13,11.8,2.85,0.09,,,,,,,,,,,,,,,,14,,,1.07,133,,,,
SEIR,MOA8801-004-002,-48.763,127.36,0.001,0.70248,24.8,0.513092,18.649,15.491,38.154,15.5125516,38.173641,-2.15516,-1.9641,,,,,,,,,,,,,,,,,,,,,,,,,,,,,,,,,,,,
SEIR,AAR2011-RC13,-59.9636,153.049,0.00001,0.702662,26.62,0.513099,18.4627,15.5176,38.0964,15.49235668,37.9484043,2.524332,14.79957,,,,,,,,,,,,,,,,,,,,,,,,,,,,,,,,,,,,
SEIR,VEM0033-1-006-001,-50.3,130.417,0.001,0.70259,25.9,0.513102,18.617,15.48,38.095,15.5090828,38.134953,-2.90828,-3.9953,,,,,,,,,,,,,,,,,,13.99,4.8,,,,,,,,,,,,0.88,115,,,,
SEIR,VEM0033-1-005-005,-48.738,127.08,0.001,0.70255,25.5,0.513118,18.572,15.482,38.097,15.5042048,38.080548,-2.22048,1.6452,,,,,,,,,,,,,,,,,,8.6,3,,,,,,,,,,,,0.52,131,,,,
SEIR,AAR2011-RC15A,-60.1538,152.167,0.00001,0.702674,26.74,0.51312,18.539,15.5095,38.1964,15.5006276,38.040651,0.88724,15.5749,,,,,,,,,,,,,,,,,,,,,,,,,,,,,,,,,,,,
SEIR,DUF0037-005-001,-40.327,77.855,0,0.70296,29.6,0.513122,17.979,15.45,37.95,15.4399236,37.363611,1.00764,58.6389,,,,,,,,,,,,,,,,,,,,,,,,,,,,,,,,,,,,
SEIR,VEM0033-1-001-002,-50.408,131.005,0.001,0.70264,26.4,0.513123,18.805,15.499,38.262,15.529462,38.362245,-3.0462,-10.0245,,,,,,,,,,,,,,,,,,16.01,4.64,,,,,,,,,,,,2.62,233,,,,
SEIR,AAR2011-RC02,-59.9866,152.865,0.00001,0.702528,25.28,0.513133,18.5549,15.6344,38.3841,15.50235116,38.0598741,13.204884,32.42259,,,,,,,,,,,,,,,,,,,,,,,,,,,,,,,,,,,,
SEIR,VEM0033-1-004-001,-50.215,137.555,0.001,0.70253,25.3,0.513139,18.82,15.506,38.166,15.531088,38.38038,-2.5088,-21.438,,,,,,,,,,,,,,,,,,9.44,3.39,,,,,,,,,,,,0.32,107,,,,
SEIR,MELWEST-10-128-018,-49.8275,110.412,0.00001,0.70273,27.3,0.513141,17.734,15.449,37.631,15.4133656,37.067406,3.56344,56.3594,,,,,,,,,,,,,,7.7,1.87,,,5.51,1.95,,,,,,,,,9.47,1.29,0.273,0.93,107,0.157,0.035,,
SEIR,AAR2011-RC12,-59.9416,153.157,0.00001,0.702554,25.54,0.513154,18.348,15.48,37.9515,15.4799232,37.809732,0.00768,14.1768,,,,,,,,,,,,,,,,,,,,,,,,,,,,,,,,,,,,
SEIR,MOA8801-022-013,-49.68,125.892,0.001,0.70281,28.1,0.513184,17.764,15.431,37.584,15.4166176,37.103676,1.43824,48.0324,,,,,,,,,,,,,,,,,,,,,,,,,,,,,,,,,,,,
SEIR,DUF0023-004,-25.864,70.323,0.001,0.702781,27.81,0.513189,17.785,15.473,37.536,15.418894,37.129065,5.4106,40.6935,49.61,1.37,16.57,,,,7.7,0.32,9.3,10.11,3.53,0.09,,,,,,,,,,0.65,,,,,,,,,,,,,,
SEIR,DUF0023-004-001,-25.864,70.323,0.001,0.702731,27.31,0.513189,17.85,15.45,37.63,15.42594,37.20765,2.406,42.235,,,,,,,,,,,,,,,3.17,10.52,,9.35,2.88,1.06,3.57,,4.1,,2.46,2.25,,,,,0.5,162,,,,
SEIR,MOA8801-023-001,-49.613,125.658,0.001,0.70285,28.5,0.513234,17.805,15.421,37.638,15.421062,37.153245,-0.0062,48.4755,,,,,,,,,,,,,,,,,,,,,,,,,,,,,,,,,,,,
NWIR,AII0093-6-010-003,-24.98,70.012,0.001,0.70304,30.4,0.51307,17.307,15.531,37.214,15.3670788,36.551163,16.39212,66.2837,52.17,1.35,14.91,,,,9.09,0.18,8.17,11.24,2.73,0.09,,,,,,,,,,,,,,,,8.49,,,0.701,98.8,,,,
NWIR,AII0093-5-005,-24.98,69.99,0.01,0.70303,30.3,0.513072,17.315,15.443,37.251,15.367946,36.560835,7.5054,69.0165,,,,,,,,,,,,,,,,,,,,,,,,,,,,,,,,,,,,
NWIR,AII0093-6-010-103,-24.98,70.012,0.001,0.703035,30.35,0.513083,17.325,15.456,37.287,15.36903,36.572925,8.697,71.4075,,,,,,,,,,,,,,,2.8,9.12,1.7,9.08,3.28,1.23,4.72,,5.7,1.26,3.57,3.33,,8.82,,0.514,0.7,99.4,,0.034,32.6,86.6
NWIR,AII0093-6-010-103,-24.98,70.012,0.001,0.70304,30.4,0.513083,17.325,15.456,37.287,15.36903,36.572925,8.697,71.4075,,,,,,,,,,,,,,,,,,,,,,,,,,,,,,,,,,,,
NWIR,DUF0023-003-001,-25.385,70.064,0.001,0.703135,31.35,0.513059,17.334,15.46,37.36,15.3700056,36.583806,8.99944,77.6194,,,,,,,,,,,,,,,0.753,3.05,,4.02,1.67,0.68,2.56,,3.18,,2,1.86,,,,,0.11,57,,,,
NWIR,VG05252,9.38,57.95,0.01,0.70267,26.7,0.513175,17.335,15.37,37.084,15.370114,36.585015,-0.0114,49.8985,,,,,,,,,,,,,,,,,,3.161,1.407,,,,,,,,,,,0.133,0.18,47.75,,,,
NWIR,DUF0057-006-006,-15.86,67.28,0.01,0.702907,29.07,0.513133,17.872,15.45,37.664,15.4283248,37.234248,2.16752,42.9752,,,,,,,,,7.94,,,,,,,,,,,,,,,,,,,,,,,,,,,
NWIR,AII0093-6-011-016,-24.675,70.045,0.001,0.70322,32.2,0.51306,17.884,15.563,37.838,15.4296256,37.248756,13.33744,58.9244,51.43,1.5,14.83,,,,9.25,0.19,7.66,11.09,3.09,0.14,,,,,,,,,,,,,,,,15.6,,,1.3,125,,,,
NWIR,KODOS09-11-IR10022701,-13.25,66.69,0.0001,0.702816,28.16,0.513206,17.9054,15.4568,37.7692,15.43194536,37.2746286,2.485464,49.45714,51.2,1.381,15.16,,10.03,,,0.165,8.05,11.24,2.76,0.09,0.12,8.2,3.87,12.2,1.95,10.3,3.61,1.24,4.58,0.83,5.6,1.13,3.34,3.16,0.483,12,2.3,,,106,0.19,0.06,34.8,104
NWIR,RSR1979-006-009,3.78,63.87,0.01,0.70283,28.3,0.513074,17.978,15.451,37.76,15.4398152,37.362402,1.11848,39.7598,,,,,,,,,,,,,,,,,,,,,,,,,,,,,,,,,,,,
NWIR,DUF0057-014-004,-1.71,67.97,0.01,0.702956,29.56,0.513117,17.983,15.45,37.772,15.4403572,37.368447,0.96428,40.3553,,,,,,,,,7.82,,,,,,,,,,,,,,,,,,,,,,,,,,,
NWIR,KODOS09-11-IR110214-1,-12.84,66.32,0.0001,0.702817,28.17,0.513088,17.9895,15.4666,37.8356,15.4410618,37.3763055,2.55382,45.92945,50.82,1.219,16.04,,9.45,,,0.161,8.46,12.2,2.47,0.09,0.11,8.1,2.91,8.88,1.46,8.02,2.79,1.05,3.93,0.72,4.5,0.93,2.67,2.65,0.409,14,1.9,,,106,0.17,0.06,25,72
NWIR,RSR1979-009,-1.658,67.773,0.001,0.70284,28.4,0.513114,17.997,15.46,37.816,15.4418748,37.385373,1.81252,43.0627,,,,,,,,,,,,,,,,,,,,,,,,,,,,,,,,,,,,
NWIR,SON0028-025,-1.48,67.7,0.01,0.702841,28.41,0.513055,18,15.443,37.781,15.4422,37.389,0.08,39.2,,,,,,,,,,,,,,,3.3,10.4,1.7,9.6,3.2,1.2,4.6,0.79,,1.16,3.4,3.1,0.47,11,2.2,0.5,0.99,127,0.163,0.054,,
NWIR,RSR1979-007-060,3.7,63.89,0.01,0.70274,27.4,0.513096,18.009,15.473,37.846,15.4431756,37.399881,2.98244,44.6119,,,,,,,,,,,,,,,,,,,,,,,,,,,,,,,,,,,,
NWIR,MELANTP-128-014,-13.02,66.32,0.01,0.7028,28,0.51308,18.01,15.467,37.856,15.443284,37.40109,2.3716,45.491,,,,,,,,,,,,,,,,,,7.94,2.84,,,,,,,,,,,,1.19,104,,,,
NWIR,SON0028-046-003,-21.36,68.74,0.01,0.702702,27.02,0.513064,18.034,15.445,37.772,15.4458856,37.430106,-0.08856,34.1894,,,,,,,,,,,,,,,2.7,8.5,1.5,8.1,2.8,1.01,4,0.77,,1.06,3.1,3,0.43,7.4,1.6,0.403,0.61,109,0.115,0.034,,
NWIR,SON0028-071,-21.39,68.78,0.01,0.702723,27.23,0.51305,18.036,15.447,37.787,15.4461024,37.432524,0.08976,35.4476,,,,,,,,,,,,,,,2.2,7.2,1.3,7.1,2.4,0.93,3.6,0.64,,0.95,2.8,2.5,0.37,5.8,1.2,0.346,0.47,108,0.081,0.027,,
NWIR,MELANTP-131-014,-8.198,68.12,0.001,0.70276,27.6,0.513156,18.038,15.473,37.833,15.4463192,37.434942,2.66808,39.8058,,,,,,,,,,,,0.062,0.098,8.89,,,,7.11,2.56,,,,,,,,,6,,,0.44,109,,,26,74
NWIR,KODOS09-11-IR10021101,-15.42,67.24,0.0001,0.702825,28.25,0.5131,18.0383,15.4662,37.8704,15.44635172,37.4353047,1.984828,43.50953,51.63,1.297,15.18,,10.16,,,0.171,8.14,11.69,2.67,0.09,0.11,9.2,3.54,10.7,1.65,9.08,3.27,1.17,4.3,0.8,5.22,1.1,3.19,3.14,0.497,14,2.2,,,107,0.2,0.06,31.2,87
NWIR,DUF0057-013-m,-1.48,67.65,0.01,0.702983,29.83,0.513063,18.04,15.469,37.86,15.446536,37.43736,2.2464,42.264,,,,,,,,,7.27,,,,,,,,,,,,,,,,,,,,,,,,,,,
NWIR,SON0028-024,-1.51,67.66,0.01,0.702865,28.65,0.513063,18.041,15.451,37.838,15.4466444,37.438569,0.43556,39.9431,,,,,,,,,,,,,,,2.5,7.7,1.3,7.3,2.5,0.97,3.7,0.64,,0.96,2.8,2.6,0.38,9.7,1.7,0.381,0.91,112,0.118,0.04,,
NWIR,DUF0023-001-001,-21.53,69.112,0.001,0.702851,28.51,0.513046,18.057,15.44,37.8,15.4483788,37.457913,-0.83788,34.2087,,,,,,,,,,,,,,,3.76,11.83,,11.51,4.06,1.45,5.72,,6.14,,4.3,4.1,,,,,1.32,96,,,,
NWIR,HAK0604-RC014,-15.9061,67.2958,0.0001,0.702937,29.37,0.513103,18.0575,15.469,37.9033,15.448433,37.4585175,2.0567,44.47825,51.47,1.44,15.82,,,9.16,,0.17,8.27,11.31,2.82,0.11,0.26,,3.39,10.29,1.57,8.89,3.1,1.2,3.62,0.69,4.43,0.91,2.62,2.76,0.4,15,2.44,0.45,2.7,111,0.19,0.07,24.7,75.4
NWIR,DUF0057-013-007,-1.48,67.65,0.01,0.702907,29.07,0.513089,18.066,15.472,37.889,15.4493544,37.468794,2.26456,42.0206,51.23,1.66,14.58,,,,9.88,0.05,7.02,11.18,2.67,0.17,,,,,,,,,,0.92,,,,,,,,,,,,,,
NWIR,SON0028-033,-5.38,68.54,0.01,0.702844,28.44,0.513081,18.067,15.456,37.87,15.4494628,37.470003,0.65372,39.9997,,,,,,,,,,,,,,,2.3,7.1,1.2,6.9,2.4,0.91,3.5,0.61,,0.91,2.6,2.4,0.35,8.9,1.5,0.34,0.88,107,0.122,0.037,,
NWIR,DUF0057-0014-001,-1.71,67.97,0.01,0.702936,29.36,0.513095,18.068,15.498,37.767,15.4495712,37.471212,4.84288,29.5788,,,,,,,,,8.05,,,,,,,,,,,,,,,,,,,,,,,,,,,
NWIR,KODOS09-11-IR10023501,-7.94,67.99,0.0001,0.702783,27.83,0.513148,18.0682,15.4757,37.8609,15.44959288,37.4714538,2.610712,38.94462,50.03,0.781,16.78,,8.6,,,0.144,9.77,12.72,2.01,0.03,0.05,9,1.35,4.54,0.77,4.33,1.72,0.694,2.4,0.48,3.2,0.67,1.96,1.98,0.313,4,0.7,,,80,0.06,0.02,20.7,42
NWIR,SON0028-053,-21.33,68.76,0.01,0.702752,27.52,0.51309,18.074,15.471,37.879,15.4502216,37.478466,2.07784,40.0534,,,,,,,,,,,,,,,2.7,9,1.7,9,3.4,1.23,4.8,0.91,,1.22,3.6,3.5,0.5,6.3,1.3,0.411,0.51,99,0.095,0.03,,
NWIR,KODOS09-11-IR092401G,-8.06,68.1,0.0001,0.702768,27.68,0.513128,18.0749,15.4773,37.8767,15.45031916,37.4795541,2.698084,39.71459,50.87,1.346,15.88,,9.94,,,0.162,8.26,11.04,2.8,0.1,0.13,8.6,3.23,10.6,1.86,10,3.44,1.28,4.95,0.88,5.77,1.24,3.63,3.32,0.5,15,1.5,,,109,0.13,0.04,31.9,94
NWIR,KODOS09-11-IR10020802,-15.83,67.29,0.0001,0.702953,29.53,0.51307,18.081,15.4784,37.9478,15.4509804,37.486929,2.74196,46.0871,49.82,1.127,15.6,,10.16,,,0.171,8.21,11.63,2.74,0.06,0.07,8.2,2.87,8.75,1.37,7.54,2.7,1.02,3.59,0.7,4.65,0.96,2.78,2.84,0.44,8,1.2,,,105,0.12,0.04,27.2,73
NWIR,HAK0604-DR006,-15.9959,67.3713,0.0001,0.703202,32.02,0.513035,18.0824,15.4684,37.9148,15.45113216,37.4886216,1.726784,42.61784,48.33,0.86,17.43,9.64,,,,0.16,8.59,12.64,2.28,0.06,0.06,,1.41,4.96,0.97,5.4,2.26,0.86,3.24,0.59,4.05,0.88,2.64,2.49,0.38,4,0.76,0.3,0.4,81,0.06,0.1,25.6,50.8
NWIR,*VG1583,-5.35,68.69,0.01,0.70295,29.5,0.513143,18.084,15.452,37.804,15.4513056,37.490556,0.06944,31.3444,,,,,,,,,,,,,,,,,,,,,,,,,,,,,,,,,,,,
NWIR,DUF0057-007-002,-15.87,67.28,0.01,0.702847,28.47,0.513129,18.085,15.473,37.876,15.451414,37.491765,2.1586,38.4235,,,,,,,,,8.09,,,,,,,,,,,,,,,,,,,,,,,,,,,
NWIR,KODOS09-11-IR090701G,-12.25,65.67,0.0001,0.702818,28.18,0.513081,18.0867,15.4878,37.9976,15.45159828,37.4938203,3.620172,50.37797,52.13,1.478,15.39,,9.88,,,0.165,7.82,10.19,3.19,0.19,0.14,7.5,5.14,13.9,2.19,10.98,3.53,1.3,4.99,0.85,5.57,1.19,3.53,3.2,0.478,31,4.5,,,123,0.48,0.11,33.1,107
NWIR,RSR1979-012-003,-5.28,68.53,0.01,0.70276,27.6,0.513128,18.1,15.474,37.9,15.45304,37.5099,2.096,39.01,,,,,,,,,,,,,,,,,,,,,,,,,,,,,,,,,,,,
NWIR,HAK0604-DR006,-15.9959,67.3713,0.0001,0.703166,31.66,0.513014,18.109,15.4858,37.9609,15.4540156,37.520781,3.17844,44.0119,48.55,0.84,16.84,,,8.72,,0.15,9.66,12.36,2.05,0.02,0.18,,1.2,4.55,0.82,4.79,1.87,0.78,2.37,0.45,3.05,0.66,1.94,1.95,0.29,4,0.5,0.22,2,76,0.03,0.02,17.4,35.1
NWIR,KODOS09-11-IR10022901,-13.04,66.56,0.0001,0.702871,28.71,0.513155,18.1133,15.4816,37.9735,15.45448172,37.5259797,2.711828,44.75203,50.68,1.326,15.99,,9.58,,,0.159,8.93,10.5,2.92,0.22,0.15,8.6,5.88,15.4,2.17,10.8,3.43,1.22,4.26,0.78,5.02,1.01,2.95,2.87,0.443,39,5.1,,,161,0.44,0.12,30.1,105
NWIR,KODOS09-11-IR10032102,-11.27,66.57,0.0001,0.702974,29.74,0.512989,18.1134,15.4714,38.0817,15.45449256,37.5261006,1.690744,55.55994,47.96,1.429,15.72,,11.98,,,0.234,9.25,10.68,3.14,0.01,0.06,9.1,3.17,11.4,1.85,9.92,3.57,1.32,4.48,0.82,5.49,1.14,3.29,3.36,0.539,3,0.6,,,113,0.09,0.02,34.5,98
NWIR,KODOS09-11-IR10021501,-15.15,66.89,0.0001,0.702865,28.65,0.513215,18.1161,15.4772,37.97,15.45478524,37.5293649,2.241476,44.06351,,,,,,,,,,,,,,9.1,,,,,,,,,,,,,,,,,,,,,,
NWIR,ARGCIRC-093-026,-12.4,65.9,0.001,0.70298,29.8,0.513115,18.13,15.505,38.121,15.456292,37.54617,4.8708,57.483,,,,,,,,,,,,,,,,,,8.57,2.83,,,,,,,,,,,,2.43,127.2,,,,
NWIR,DUF0057-008-001,-10.82,66.63,0.01,0.702767,27.67,0.513118,18.13,15.471,37.865,15.456292,37.54617,1.4708,31.883,,,,,,,,,,,,,,,,,,,,,,0.57,,,,,,,,,,,,,,
NWIR,SON0028-023,-1.55,67.61,0.01,0.702772,27.72,0.513067,18.149,15.472,38.001,15.4583516,37.569141,1.36484,43.1859,,,,,,,,,,,,,,,1.9,6.2,1.1,6.1,2,0.83,3,0.56,,0.86,2.5,2.3,0.33,4.9,1.1,0.327,0.4,133,0.079,0.025,,
NWIR,HAK0604-DR008,-16.8294,66.7167,0.0001,0.703096,30.96,0.513079,18.15,15.4819,38.0681,15.45846,37.57035,2.344,49.775,49.64,0.93,17.91,9.52,,,,0.15,7.97,12.58,2.66,0.15,0.09,,2.85,8.25,1.34,6.45,2.31,0.9,3.16,0.57,4.08,0.89,2.79,2.63,0.39,18,2.55,0.72,1.7,132,0.22,0.09,26.2,62.4
NWIR,HAK0604-DR008,-16.8294,66.7167,0.0001,0.703048,30.48,0.51307,18.1513,15.4847,38.0734,15.45860092,37.5719217,2.609908,50.14783,50.35,0.97,16.49,,,8.96,,0.14,8.73,11.94,2.52,0.1,0.2,,2.95,7.75,1.24,6.67,2.32,0.98,2.9,0.57,3.76,0.82,2.4,2.35,0.37,18,2.28,0.37,3.6,126,0.2,0.07,21.1,55.4
NWIR,DUF0057-003-008,-20.15,66.83,0.01,0.702985,29.85,0.513045,18.152,15.514,37.971,15.4586768,37.572768,5.53232,39.8232,,,,,,,,,8.3,,,,,,,,,,,,,,,,,,,,,,,,,,,
NWIR,KODOS09-11-IR091401G,-10.85,66.67,0.0001,0.702843,28.43,0.513079,18.1545,15.4852,37.9872,15.4589478,37.5757905,2.62522,41.14095,51.25,1.347,15.29,,9.46,,,0.161,7.96,11.39,2.71,0.16,0.13,9.8,3.95,11.4,1.87,9.55,3.15,1.22,4.52,0.78,5.14,1.11,3.25,2.88,0.441,24,3.2,,,128,0.27,0.08,29,91
NWIR,SON0028-013,6.15,60.85,0.01,0.702589,25.89,0.513077,18.157,15.45,37.822,15.4592188,37.578813,-0.92188,24.3187,,,,,,,,,,,,,,,4.1,12,2,10.6,3.5,1.22,4.8,0.85,,1.25,3.6,3.4,0.47,12.4,3.3,0.518,1.03,108,0.205,0.066,,
NWIR,KODOS09-11-IR091501G,-10.71,66.58,0.0001,0.70278,27.8,0.513074,18.1614,15.4807,37.959,15.45969576,37.5841326,2.100424,37.48674,51.52,1.336,15.21,,9.7,,,0.166,7.78,11.39,2.8,0.11,0.11,7.9,3.23,9.9,1.7,8.9,2.98,1.18,4.36,0.76,5.02,1.07,3.14,2.86,0.43,14,2.2,,,120,0.18,0.06,30.5,94
NWIR,DUF0057-009-006,-8.01,68.07,0.01,0.702789,27.89,0.513131,18.166,15.495,37.876,15.4601944,37.589694,3.48056,28.6306,,,,,,,,,8.97,,,,,,,,,,,,,,,,,,,,,,,,,,,
NWIR,DUF0057-011-001,-4.17,68.33,0.01,0.702839,28.39,0.513106,18.17,15.475,37.765,15.460628,37.59453,1.4372,17.047,,,,,,,,,8.1,,,,,,,,,,,,,,,,,,,,,,,,,,,
NWIR,RSR1979-011-005,-5.36,68.62,0.01,0.70274,27.4,0.513109,18.17,15.5,38.064,15.460628,37.59453,3.9372,46.947,,,,,,,,,,,,,,,,,,,,,,,,,,,,,,,,,,,,
NWIR,KODOS09-11-IR091701G,-10.43,66.36,0.0001,0.702808,28.08,0.51308,18.1869,15.484,37.9913,15.46245996,37.6149621,2.154004,37.63379,51.12,1.401,15.55,,9.76,,,0.163,8.43,11,2.75,0.12,0.13,8.4,3.65,11.1,1.87,9.64,3.2,1.24,4.65,0.8,5.23,1.12,3.32,2.98,0.446,20,2.5,,,122,0.23,0.07,30.1,93
NWIR,KODOS09-11-IR092201,-9.76,66.74,0.0001,0.702925,29.25,0.513043,18.1901,15.5044,37.8625,15.46280684,37.6188309,4.159316,24.36691,,,,,,,,,,,,,,9.5,,,,,,,,,,,,,,,,,,,,,,
NWIR,KODOS09-11-IR091101G,-11.43,66.35,0.0001,0.702874,28.74,0.513081,18.1908,15.4834,38.0137,15.46288272,37.6196772,2.051728,39.40228,52.21,1.641,15.07,,10.53,,,0.176,7.1,10.48,3.04,0.21,0.16,9.6,5.41,15.7,2.58,13.09,4.3,1.55,6.01,1.03,6.71,1.44,4.2,3.82,0.57,29,3.9,,,130,0.32,0.1,36.9,122
NWIR,DUF0057-009-001,-8.01,68.07,0.01,0.702771,27.71,0.513108,18.21,15.536,37.946,15.464964,37.64289,7.1036,30.311,,,,,,,,,8.88,,,,,,,,,,,,,,,,,,,,,,,,,,,
NWIR,SGRKNYA-195-010,-6.0591,68.4978,0.001,0.7028,28,0.513139,18.2225,15.4946,38.0984,15.466319,37.6580025,2.8281,44.03975,,,,,,,,,,,,,,,,,,,,,,,,,,,,,,,,,,,,
NWIR,DY0125-026-001,3.7,63.81,0.01,0.702808,28.08,0.513084,18.223,15.535,38.066,15.4663732,37.658607,6.86268,40.7393,50.6,1.43,15.4,,9.6,,,0.16,7.92,11.25,2.76,0.18,0.13,,3.5,10.2,1.87,10.7,3.59,1.3,4.83,0.89,5.54,1.25,3.48,3.36,0.53,8.9,2.5,,1.1,131,0.17,0.2,31.1,101.5
NWIR,078_I5.27N,5.45,61.83,0.01,0.70266,26.6,0.51312,18.24,15.44,37.81,15.468216,37.67916,-2.8216,13.084,50.3,1.44,15.62,,,10.06,,0.02,8.47,10.95,3.19,0.08,,,,,,9.06,3.15,,,,,,,,,,,0.436,0.7,141.3,,0.13,,
NWIR,SGRKNYA-125-004-001,-5.6521,68.0633,0.001,0.703166,31.66,0.513024,18.2547,15.5043,38.1632,15.46980948,37.6969323,3.449052,46.62677,,,,,,,,,,,,,,,1.93,7.02,1.33,7.88,2.83,1.05,3.81,0.71,4.8,1.03,2.91,2.83,0.44,4.28,1.08,0.48,0.57,101.28,0.07,0.03,29.13,76.17
NWIR,DUF0057-007-005,-15.87,67.28,0.01,0.702782,27.82,0.513117,18.271,15.493,37.885,15.4715764,37.716639,2.14236,16.8361,,,,,,,,,8.12,,,,,,,,,,,,,,,,,,,,,,,,,,,
NWIR,KODOS09-11-IR10020301,-16.71,66.65,0.0001,0.703009,30.09,0.513043,18.272,15.5059,38.231,15.4716848,37.717848,3.42152,51.3152,50.41,1.292,15.76,,9.56,,,0.163,7.86,11.87,3.03,0.22,0.15,8,6.52,16.6,2.25,10.9,3.21,1.19,3.83,0.69,4.51,0.89,2.62,2.55,0.417,41,5.7,,,180,0.56,0.15,26,99
NWIR,KODOS09-11-IR110117-1,-11.28,66.49,0.0001,0.702928,29.28,0.513107,18.2722,15.524,38.1117,15.47170648,37.7180898,5.229352,39.36102,50.32,1.057,15.97,,8.25,,,0.143,9.25,11.65,2.69,0.08,0.1,9.2,2.92,8.73,1.41,7.67,2.68,1.01,3.55,0.63,3.9,0.8,2.3,2.31,0.357,12,1.5,,,127,0.15,0.05,20.6,65
NWIR,GIMNAUT-PL17-007,-19.54,65.73,0.01,0.703238,32.38,0.513045,18.2873,15.51,38.1824,15.47334332,37.7363457,3.665668,44.60543,50.58,1,15.93,,,9.02,,0.15,8.35,12.38,2.48,0.04,0.08,,2.61,8.46,1.48,8.19,2.99,1.15,3.99,0.77,5.02,1.1,3.25,3.04,0.46,11,1.91,0.49,0.94,113,0.14,0.04,32,81
NWIR,HAK0604-RC015,-15.6404,67.1833,0.0001,0.702922,29.22,0.513102,18.2923,15.5339,38.2418,15.47388532,37.7423907,6.001468,49.94093,51.61,1.34,15.54,,,9.18,,0.16,8.28,11.51,2.72,0.1,0.25,,3.16,8.54,1.44,8.15,2.88,1.15,3.51,0.7,4.51,0.99,2.85,2.75,0.38,16,2.38,0.38,3,101,0.2,0.05,24.8,70
NWIR,DUF0057-004-003,-20.27,67.67,0.01,0.70294,29.4,0.513106,18.294,15.495,37.946,15.4740696,37.744446,2.09304,20.1554,,,,,,,,,8.12,,,,,,,,,,,,,,,,,,,,,,,,,,,
NWIR,KODOS09-11-IR090301G,-12.56,66.03,0.0001,0.702911,29.11,0.513202,18.3018,15.5168,38.2542,15.47491512,37.7538762,4.188488,50.03238,52.2,1.541,15.01,,10.04,,,0.167,7.64,10.56,2.94,0.22,0.15,7.7,6.04,15.8,2.4,11.71,3.61,1.34,5.08,0.88,5.68,1.21,3.57,3.27,0.496,44,5.8,,,140,0.59,0.15,33.1,110
NWIR,GIMNAUT-PL12-005,-19.44,65.92,0.01,0.703154,31.54,0.513027,18.3043,15.5029,38.1984,15.47518612,37.7568987,2.771388,44.15013,51.26,1.12,15.35,,,9.24,,0.14,8.13,12.47,2.39,0.06,0.1,,2.38,7.51,1.33,7.33,2.7,1,3.82,0.71,4.62,1.03,3.01,2.8,0.42,9.14,1.76,0.43,0.9,100,0.14,0.05,32,75
NWIR,KODOS09-11-IR090501G,-12.39,65.85,0.0001,0.702871,28.71,0.513073,18.3121,15.5284,38.3557,15.47603164,37.7663289,5.236836,58.93711,52.44,1.112,15.85,,8.52,,,0.149,8.25,11.35,2.85,0.18,0.1,7.6,4.43,11.1,1.68,8.22,2.57,1.03,3.75,0.64,4.25,0.92,2.69,2.41,0.37,35,4.2,,,126,0.46,0.11,24.5,72
NWIR,HAK0604-DR001,-19.6868,65.4908,0.0001,0.703619,36.19,0.512991,18.3204,15.4982,38.187,15.47693136,37.7763636,2.126864,41.06364,47.72,0.93,16.08,9.8,,,,0.16,11.71,11.37,2.55,0.1,0.06,,1.55,5.69,1.1,6.44,2.38,0.9,3.26,0.6,4.04,0.88,2.6,2.4,0.36,4,0.64,0.4,2.2,114,0.06,0.06,26.2,62.7
NWIR,HAK0604-RC013,-16.6574,66.6467,0.0001,0.703142,31.42,0.513032,18.324,15.495,38.2409,15.4773216,37.780716,1.76784,46.0184,50.31,1.15,16.18,,,8,,0.14,8.56,12.08,2.59,0.25,0.3,,5.67,13.8,1.81,8.93,2.51,1.07,2.94,0.51,3.23,0.68,1.83,1.82,0.26,54,6.42,0.58,8.6,164,0.53,0.18,17,63.4
NWIR,HAK0604-RC005,-19.2703,65.6702,0.0001,0.703181,31.81,0.513017,18.3467,15.5169,38.2827,15.47978228,37.8081603,3.711772,47.45397,49.95,0.82,15.94,9.22,,,,0.15,7.87,12.84,2.32,0.15,0.08,,2.79,7.31,1.08,5.77,2.05,0.76,2.83,0.53,3.54,0.82,2.26,2.18,0.33,29,3.42,0.45,2.4,98,0.28,0.08,23.2,50.4
NWIR,KODOS09-11-IR10021901,-14.84,66.6,0.0001,0.703026,30.26,0.513027,18.3497,15.5206,38.3769,15.48010748,37.8117873,4.049252,56.51127,50.63,1.327,15.58,,10.74,,,0.176,8.65,11.15,2.59,0.16,0.12,8,4.85,13,1.88,9.46,3.28,1.15,4.08,0.77,5.05,1.03,3.09,3,0.478,28,4,,,107,0.45,0.12,30.1,88
NWIR,ARGCIRC-104-021,-19.83,66.03,0.01,0.70316,31.6,0.51307,18.354,15.517,38.214,15.4805736,37.816986,3.64264,39.7014,,,,,,,,,,,,0.05,0.09,8.31,,,,7.35,2.67,,,,,,,,,9,,,0.66,100.5,,,29,73
NWIR,HAK0604-DR009,-16.6575,66.5622,0.0001,0.703164,31.64,0.513028,18.3638,15.5127,38.3511,15.48163592,37.8288342,3.106408,52.22658,52.41,1.99,14.78,,,10.2,,0.17,5.33,8.92,3.53,0.56,0.45,,16.08,36.78,4.87,23.65,6.73,2.08,7.06,1.31,8.27,1.75,4.85,4.78,0.73,107,16.87,1.28,16.5,152,1.76,0.5,44.6,209.8
NWIR,HAK0604-DR009,-16.6575,66.5622,0.0001,0.703263,32.63,0.513032,18.3639,15.5129,38.351,15.48164676,37.8289551,3.125324,52.20449,51.59,1.66,16.83,9.89,,,,0.16,5.48,10.21,3.16,0.7,0.32,,13.54,32.38,4.63,21.15,6.07,1.76,7.26,1.23,8.19,1.76,5.31,4.78,0.73,97,15.85,1.76,12.2,169,1.54,0.43,51.7,212.2
NWIR,GIMNAUT-DR02-002,-19.55,65.99,0.01,0.703274,32.74,0.513007,18.3683,15.5159,38.2824,15.48212372,37.8342747,3.377628,44.81253,50.55,0.93,16.16,,,8.6,,0.15,8.85,12.8,2.34,0.07,0.06,,2,6.21,1.1,6.04,2.19,0.86,3.08,0.58,3.87,0.87,2.56,2.36,0.35,9.4,1.48,0.4,0.8,100,0.12,0.03,25,59
NWIR,HAK0604-DR007,-16.9983,66.8887,0.0001,0.703213,32.13,0.513029,18.3717,15.5114,38.3539,15.48249228,37.8383853,2.890772,51.55147,51.16,1.82,14.94,11,,,,0.18,7.2,10.38,3.14,0.59,0.26,,9.79,24.38,3.6,16.99,4.86,1.64,6.25,1.06,6.8,1.45,4.37,4.02,0.61,75,11.97,1.54,8.8,174,1.09,0.3,43.6,164.3
NWIR,GIMNAUT-DR02-003,-19.55,65.99,0.01,0.703266,32.66,0.513029,18.3748,15.5187,38.2914,15.48282832,37.8421332,3.587168,44.92668,50.47,0.94,16.12,,,8.66,,0.15,8.92,12.7,2.37,0.06,0.07,,2.31,7.12,1.24,6.81,2.45,0.96,3.42,0.66,4.37,0.98,2.87,2.63,0.4,11,1.71,0.46,0.94,111,0.14,0.04,27,66
NWIR,GIMNAUT-PL11-001,-19.47,65.85,0.01,0.703298,32.98,0.513007,18.3853,15.5117,38.2434,15.48396652,37.8548277,2.773348,38.85723,50.56,1.2,16.1,,,9.44,,0.18,8.1,12.06,2.82,0.06,0.09,,2.51,8.3,1.49,8.15,2.87,1.07,3.83,0.74,4.64,1.04,2.98,2.89,0.42,9.4,1.62,0.57,0.86,120,0.13,0.04,30,82
NWIR,GIMNAUT-PL11-002,-19.47,65.85,0.01,0.703303,33.03,0.513026,18.3855,15.5128,38.3062,15.4839882,37.8550695,2.88118,45.11305,50.92,1.12,15.45,,,9.53,,0.17,8.06,12.2,2.58,0.11,0.1,,2.81,8.01,1.34,7.17,2.55,0.95,3.52,0.68,4.4,0.99,2.82,2.67,0.4,17,2.71,0.53,1.63,102,0.21,0.06,29,72
NWIR,GIMNAUT-DR05-001,-19.41,65.78,0.01,0.703343,33.43,0.513023,18.3893,15.5198,38.3088,15.48440012,37.8596637,3.539988,44.91363,50.68,1.2,15.69,,,9.63,,0.2,7.8,12.24,2.7,0.11,0.12,,2.8,8.45,1.45,7.92,2.81,1.07,3.84,0.75,4.93,1.07,3.16,2.92,0.44,14,2.28,0.51,1.3,117,0.2,0.05,30,79
NWIR,MELANTP-097-022,-18.71,65.5,0.01,0.70338,33.8,0.513008,18.392,15.49,38.308,15.4846928,37.862928,0.53072,44.5072,,,,,,,,,,,,0.25,0.14,8.96,,,,12.31,4.15,,,,,,,,,48,,,2.09,115.1,,,39,108
NWIR,SGRKNYA-125-004-001,-5.6521,68.0633,0.001,0.703709,37.09,0.512957,18.3962,15.5281,38.3493,15.48514808,37.8680058,4.295192,48.12942,,,,,,,,,,,,,,,1.58,5.72,1.08,6.29,2.83,0.9,3.3,0.64,4.3,0.95,2.71,2.68,0.42,4.25,0.88,0.31,0.54,88.54,0.05,0.03,24.35,63.99
NWIR,KODOS09-11-IR10020201,-16.85,66.74,0.0001,0.703057,30.57,0.513019,18.4027,15.5201,38.3376,15.48585268,37.8758643,3.424732,46.17357,49.21,0.933,17.23,,9.57,,,0.155,8.75,11.56,2.65,0.09,0.08,7.8,3.84,9.71,1.42,7.25,2.44,0.889,3.16,0.62,4.11,0.84,2.52,2.65,0.421,16,2.1,,,141,0.23,0.07,24.4,62
NWIR,HAK0604-DR004,-19.5848,65.8608,0.0001,0.703235,32.35,0.513017,18.409,15.5036,38.2416,15.4865356,37.883481,1.70644,35.8119,50.15,1.13,15.11,10.56,,,,0.17,7.58,12.49,2.52,0.11,0.09,,2.64,8.42,1.4,7.44,2.78,1.04,3.8,0.7,4.69,1.04,3.1,2.83,0.43,11,1.9,0.49,1,108,0.15,0.05,29.9,76.5
NWIR,GIMNAUT-PL05-005,-19.2,65.56,0.01,0.703098,30.98,0.513022,18.4124,15.5178,38.3273,15.48690416,37.8875916,3.089584,43.97084,51.83,1.23,14.73,,,10,,0.19,7.3,11.89,2.77,0.15,0.1,,3.57,9.53,1.55,8.35,3.01,1.14,4.21,0.78,5.18,1.15,3.38,3.11,0.46,28,4.05,0.51,2.9,116,0.3,0.08,35,82
NWIR,DUF0057-005-001,-19.48,65.81,0.01,0.70341,34.1,0.513013,18.418,15.529,38.345,15.4875112,37.894362,4.14888,45.0638,,,,,,,,,8.37,,,,,,,,,,,,,,,,,,,,,,,,,,,
NWIR,GIMNAUT-DR03-002,-19.69,65.96,0.01,0.703319,33.19,0.513015,18.4222,15.5195,38.3799,15.48796648,37.8994398,3.153352,48.04602,51.21,1.27,15.3,,,9.79,,0.19,7.69,12.06,2.64,0.14,0.12,,3.89,10.46,1.7,8.7,2.95,1.09,4.04,0.75,4.94,1.12,3.23,2.98,0.45,27,4.06,0.59,2.5,116,0.34,0.08,32,87
NWIR,GIMNAUT-DR06-001,-19.33,65.71,0.01,0.703214,32.14,0.513023,18.4232,15.5212,38.4152,15.48807488,37.9006488,3.312512,51.45512,50.99,1.1,15.88,,,8.95,,0.16,7.98,12.25,2.6,0.17,0.12,,4.07,10.3,1.59,7.98,2.61,1,3.54,0.68,4.39,0.96,2.85,2.61,0.39,34,4.49,0.53,3.11,120,0.42,0.1,26,76
NWIR,GIMNAUT-DR03-001,-19.69,65.96,0.01,0.703232,32.32,0.513022,18.426,15.5209,38.3864,15.4883784,37.904034,3.25216,48.2366,51.48,1.28,15.24,,,9.98,,0.18,7.79,12.04,2.65,0.16,0.13,,3.94,9.31,1.71,8.77,3,1.14,4.11,0.78,5.17,1.15,3.32,3.09,0.48,27,4.2,0.55,2.81,118,0.33,0.09,33,86
NWIR,GIMNAUT-PL20-002,-19.49,65.85,0.01,0.703417,34.17,0.513017,18.4326,15.5255,38.3273,15.48909384,37.9120134,3.640616,41.52866,51.2,1.05,15.54,,,8.98,,0.15,8.11,12.72,2.43,0.12,0.11,,2.23,7.32,1.32,7.27,2.62,1.03,3.59,0.69,4.53,0.99,2.89,2.74,0.42,7.33,1.28,0.47,0.63,117,0.11,0.03,29,74
NWIR,HAK0604-RC021,-18.5386,65.3968,0.0001,0.703344,33.44,0.513015,18.4419,15.5342,38.4892,15.49010196,37.9232571,4.409804,56.59429,49.89,1.25,14.82,,,8.49,,0.15,7.68,11.91,2.59,0.28,0.29,,6.67,15.13,2.01,9.73,2.87,1.09,2.98,0.54,3.68,0.79,2.07,2.13,0.29,61,7.05,0.75,7.7,158,0.7,0.19,19.2,68.9
NWIR,GIMNAUT-DR12-003,-18.7,65.51,0.01,0.703278,32.78,0.513029,18.4427,15.5351,38.4826,15.49018868,37.9242243,4.491132,55.83757,51.75,1.52,14.84,,,10.07,,0.17,6.61,11.21,2.97,0.28,0.17,,6.73,17.28,2.6,12.75,4.09,1.46,5.16,0.93,5.86,1.32,3.67,3.47,0.54,60,8.28,0.88,6.51,147,0.68,0.17,41,120
NWIR,DY0125-026-002-002,3.67,63.75,0.01,0.702927,29.27,0.513076,18.457,15.588,38.475,15.4917388,37.941513,9.62612,53.3487,50.1,1.64,14.8,,11.15,,,0.19,7.65,10.75,2.84,0.27,0.16,,4.6,14.65,2.31,12.4,4.38,1.5,5.75,1.04,6.35,1.42,3.98,3.98,0.59,15.1,3.2,,4.1,129,0.32,0.14,35.9,127.5
NWIR,HAK0604-RC012,-18.1912,65.2293,0.0001,0.703311,33.11,0.513006,18.4579,15.5388,38.5126,15.49183636,37.9426011,4.696364,56.99989,50.63,1.24,15.88,,,8.32,,0.14,8.7,12.07,2.57,0.22,0.27,,5.51,12.43,1.75,8.76,2.87,1.15,3.48,0.61,4.15,0.84,2.17,2,0.28,45,5.12,0.63,7.7,141,0.56,0.15,19.9,64.5
NWIR,SGRKNYA-195-011,-6.3395,68.2918,0.001,0.703128,31.28,0.513007,18.4614,15.5356,38.5023,15.49221576,37.9468326,4.338424,55.54674,,,,,,,,,,,,,,,,,,,,,,,,,,,,,,,,,,,,
NWIR,SGRKNYA-195-011,-6.3395,68.2918,0.001,0.703181,31.81,0.513017,18.4618,15.5423,38.5066,15.49225912,37.9473162,5.004088,55.92838,,,,,,,,,,,,,,,,,,,,,,,,,,,,,,,,,,,,
NWIR,GIMNAUT-DR11-001,-19.05,65.56,0.01,0.703206,32.06,0.513076,18.4627,15.5282,38.4533,15.49235668,37.9484043,3.584332,50.48957,50.8,1.1,16.09,,,8.87,,0.17,8.29,11.75,2.55,0.19,0.13,,5.22,12.26,1.77,8.38,2.5,0.95,3.25,0.59,3.83,0.83,2.45,2.26,0.33,57,6.8,0.6,4.89,155,0.59,0.14,24,75
NWIR,DY0125-026-003-001,3.69,63.72,0.01,0.702942,29.42,0.513038,18.463,15.585,38.476,15.4923892,37.948767,9.26108,52.7233,49.5,1.22,15.5,,9.62,,,0.18,9.4,11.25,2.55,0.12,0.11,,3,10.35,1.58,8.7,3.1,1.03,4.03,0.74,4.9,1.07,2.93,3.01,0.44,12.3,2.3,,1,112.5,0.27,0.09,26.4,87
NWIR,KODOS09-11-IR10022401,-14.08,66.08,0.0001,0.703097,30.97,0.512976,18.475,15.5234,38.4371,15.49369,37.963275,2.971,47.3825,50.38,1.094,16.52,,9.58,,,0.158,8.88,11.13,2.74,0.15,0.08,7.8,4.22,11.3,1.63,8.03,2.65,1.01,3.39,0.62,4.09,0.85,2.44,2.44,0.387,23,4.1,,,127,0.36,0.09,25.1,76
NWIR,GIMNAUT-PL09-007,-19.09,65.79,0.01,0.703238,32.38,0.512996,18.4842,15.5213,38.4556,15.49468728,37.9743978,2.661272,48.12022,51.04,1.05,15.73,,,8.71,,0.17,8.34,12.4,2.45,0.16,0.12,,4.23,10.67,1.6,7.91,2.56,0.95,3.37,0.63,4.05,0.91,2.63,2.48,0.37,38,5,0.69,3.37,121,0.4,0.1,27,73
NWIR,GIMNAUT-PL01-005,-19.18,65.62,0.01,0.703239,32.39,0.513009,18.4883,15.524,38.4601,15.49513172,37.9793547,2.886828,48.07453,51.05,1.01,16.01,,,8.63,,0.15,8.42,12.43,2.41,0.14,0.09,,3.35,8.56,1.34,6.79,2.34,0.89,3.12,0.59,3.85,0.83,2.48,2.34,0.35,32,3.97,0.48,2.77,110,0.32,0.08,24,62
NWIR,KODOS09-11-IR10020401,-16.57,66.56,0.0001,0.703187,31.87,0.513004,18.4885,15.5364,38.5189,15.4951534,37.9795965,4.12466,53.93035,49.46,1.566,16.55,,10.99,,,0.174,7.95,10.33,3.06,0.42,0.22,8.2,10.2,23.8,3.01,13.6,3.92,1.36,4.66,0.85,5.48,1.12,3.31,3.27,0.52,80,11,,,168,1.07,0.3,31.7,123
NWIR,GIMNAUT-PL07-001,-19.15,65.66,0.01,0.703243,32.43,0.513024,18.5178,15.5382,38.5127,15.49832952,38.0150202,3.987048,49.76798,49.88,0.89,17.05,,,8.88,,0.18,8.62,12.16,2.62,0.16,0.07,,3.04,7.74,1.19,6.09,2.14,0.84,2.97,0.59,3.95,0.9,2.72,2.6,0.4,31,3.5,0.48,2.76,103,0.32,0.08,23,54
NWIR,GIMNAUT-PL06-004,-19.17,65.64,0.01,0.703389,33.89,0.513005,18.5238,15.534,38.4662,15.49897992,38.0222742,3.502008,44.39258,50.01,1.14,16.21,,,9.65,,0.17,9.02,11.35,2.7,0.11,0.11,,3.36,9.34,1.55,7.98,2.71,1.04,3.67,0.7,4.52,0.99,2.94,2.78,0.43,23,3.37,0.57,2.26,121,0.26,0.07,29,81
NWIR,KODOS09-11-IR091803G,-10.36,66.3,0.0001,0.702859,28.59,0.513084,18.5289,15.5283,38.3874,15.49953276,38.0284401,2.876724,35.89599,51.84,1.562,15.26,,10.11,,,0.171,7.76,11.14,3.04,0.19,0.16,8,4.84,13.6,2.22,11.12,3.54,1.31,4.98,0.86,5.59,1.19,3.49,3.17,0.47,30,4.7,,,142,0.34,0.11,33.5,114
NWIR,KODOS09-11-IR110107,-8.22,68.24,0.0001,0.702859,28.59,0.51311,18.5331,15.5351,38.3745,15.49998804,38.0335179,3.511196,34.09821,49.64,1.394,16.41,,10.17,,,0.164,8.42,11.45,2.67,0.18,0.15,8.7,4.94,13,1.92,10.1,3.43,1.16,4.6,0.83,4.98,1.03,3.01,3.02,0.464,21,3.2,,,136,0.3,0.1,27.9,95
NWIR,GIMNAUT-DR06-002,-19.33,65.71,0.01,0.703218,32.18,0.513014,18.5414,15.5349,38.5767,15.50088776,38.0435526,3.401224,53.31474,50.64,1.01,16.41,,,8.19,,0.16,8.38,12.57,2.54,0.23,0.13,,5.17,11.99,1.71,8.04,2.45,0.93,3.13,0.58,3.69,0.81,2.39,2.22,0.33,56,6.69,0.71,4.87,155,0.57,0.13,24,76
NWIR,HAK0604-RC011,-18.2966,65.2688,0.0001,0.703393,33.93,0.512985,18.5735,15.5582,38.6629,15.5043674,38.0823615,5.38326,58.05385,50.68,1.43,15.21,,,8.96,,0.14,7.63,12.42,2.62,0.37,0.31,,8.64,18.91,2.53,12.15,3.31,1.16,3.92,0.65,3.76,0.83,2.14,2.35,0.28,73,8.56,0.87,12.6,173,0.97,0.28,21.1,85.1
NWIR,GIMNAUT-DR04-004,-19.68,65.77,0.01,0.703838,38.38,0.512935,18.5832,15.5517,38.5321,15.50541888,38.0940888,4.628112,43.80112,48.82,1.11,17.41,,,9.73,,0.17,8.35,11.62,2.92,0.05,0.07,,2.09,7.12,1.31,7.21,2.58,1.02,3.54,0.66,4.44,0.98,2.85,2.7,0.41,5.1,0.96,0.45,0.42,138,0.09,0.02,28,74
NWIR,HAK0604-RC010,-18.3545,65.2972,0.0001,0.70343,34.3,0.512984,18.6155,15.5567,38.7005,15.5089202,38.1331395,4.77798,56.73605,51.52,1.66,14.98,,,9.9,,0.17,6.6,11.36,2.9,0.49,0.32,,12.92,25.88,3.4,16.16,4.26,1.62,4.77,0.85,5.16,1.11,2.98,2.99,0.43,115,13.85,1.15,15.4,202,1.47,0.35,28.1,113.9
NWIR,GIMNAUT-PL01-001,-19.17,65.62,0.01,0.703327,33.27,0.513028,18.6164,15.5444,38.6592,15.50901776,38.1342276,3.538224,52.49724,50.52,1.17,16.08,,,8.54,,0.18,7.68,12.32,2.74,0.43,0.18,,7.96,17.17,2.31,10.27,2.89,1.07,3.71,0.66,4.18,0.91,2.66,2.47,0.38,97,12.04,0.9,8.68,185,0.99,0.23,27,91
NWIR,GIMNAUT-DR10-001,-19.95,66.27,0.01,0.703945,39.45,0.512908,18.7031,15.5717,38.7377,15.51841604,38.2390479,5.328396,49.86521,48.27,1.09,17.78,,,10.21,,0.15,8.32,11.44,2.94,0.07,0.08,,2.23,7.05,1.25,6.64,2.37,0.94,3.12,0.6,3.95,0.88,2.58,2.42,0.37,7.4,1.56,0.34,0.66,139,0.13,0.04,25,71
NWIR,GIMNAUT-DR09-001,-19.65,65.68,0.01,0.703873,38.73,0.512906,18.7041,15.5708,38.7304,15.51852444,38.2402569,5.227556,49.01431,48.14,1.06,17.71,,,10.12,,0.18,8.66,11.37,2.97,0.07,0.06,,2.1,6.67,1.18,6.33,2.22,0.89,3.02,0.57,3.74,0.81,2.47,2.32,0.35,6.8,1.48,0.32,0.61,132,0.12,0.04,24,69
NWIR,GIMNAUT-DR08-001,-19.66,65.54,0.01,0.703973,39.73,0.512911,18.7465,15.5716,38.7042,15.5231206,38.2915185,4.84794,41.26815,47.62,1.9,16.3,,,12.4,,0.23,6.85,11.04,3.62,0.05,0.11,,2.82,10.36,1.95,10.76,3.91,1.47,5.52,1.09,7.22,1.68,4.9,4.72,0.72,3,1.05,0.51,0.38,113,0.11,0.03,45,119
NWIR,GIMNAUT-DR07-001,-19.69,65.34,0.01,0.703612,36.12,0.512931,18.7927,15.5793,38.6938,15.52812868,38.3473743,5.117132,34.64257,47.9,0.89,17.49,,,10.21,,0.17,9.3,11.53,2.78,0.02,0.04,,1.2,4.41,0.87,4.99,1.96,0.82,2.96,0.59,4.15,0.96,3.03,2.93,0.45,2.9,0.64,0.27,0.37,90,0.05,0.02,28,53
NWIR,HAK0604-DR002,-19.5896,65.8438,0.0001,0.703586,35.86,0.512926,18.8353,15.5581,38.8958,15.53274652,38.3988777,2.535348,49.69223,50.8,1.7,16,9.63,,,,0.17,6.49,11.1,3.47,1.03,0.31,,18.65,37.27,4.61,18.06,4.51,1.5,5.25,0.87,5.25,1.13,3.19,2.9,0.44,254,27.79,2.94,22.2,294,2.49,0.58,32.9,156.5
NWIR,MELANTP-093-025,-17.09,66.58,0.01,0.70349,34.9,0.512925,18.839,15.604,39.077,15.5331476,38.403351,7.08524,67.3649,,,,,,,,,,,,0.64,0.27,7.87,,,,15.82,3.89,,,,,,,,,256,,,17.8,236.3,,,30,144
NWIR,KODOS09-11-IR091001G,-11.53,66.36,0.0001,0.702898,28.98,0.513061,18.9283,15.5899,38.7896,15.54282772,38.5113147,4.707228,27.82853,52.05,1.563,15.52,,9.98,,,0.169,7.21,10.36,3.27,0.23,0.18,9.9,5.3,15.3,2.48,12.46,3.95,1.44,5.54,0.95,6.18,1.33,3.9,3.5,0.528,39,4.3,,,140,0.4,0.1,35.4,122
NWIR,KODOS09-11-IR092101G,-9.89,66.8,0.0001,0.702897,28.97,0.513031,19.1452,15.6136,38.9996,15.56633968,38.7735468,4.726032,22.60532,51.9,1.649,15.6,,9.89,,,0.168,7.06,10.43,3.18,0.23,0.19,11.8,4.88,14.6,2.43,12.41,3.97,1.44,5.61,0.95,6.26,1.33,3.87,3.49,0.53,37,3.3,,,138,0.26,0.09,34.8,121
NWIR,KODOS09-11-IR092301G,-9.61,66.65,0.0001,0.702958,29.58,0.513035,19.1481,15.6146,39.0245,15.56665404,38.7770529,4.794596,24.74471,49.28,1.101,16.13,,9.82,,,0.16,8.87,10.84,2.76,0.17,0.14,10.2,3.52,9.9,1.61,8.11,2.68,1.05,3.94,0.7,4.71,1.03,3.06,2.84,0.428,31,2.9,,,125,0.27,0.08,29,85
