区域ID,区域,样品ID,纬度,经度,LOC PREC,SR87_SR86,ND143_ND144,PB206_PB204,PB207_PB204,PB208_PB204
4,SWIR,POLANT4-4-004-101,-52.1,14.12,0.01,0.70368,0.512852,19.564,15.649,39.157
4,SWIR,LEROBOU-WJM-002B,-54.5,3.4,1,0.7037,0.512865,19.479,15.65,39.086
4,SWIR,LEROBOU-WJM-016B,-54.5,3.4,1,0.70376,0.512861,19.418,15.631,39.05
4,SWIR,POLANT4-4-003-014,-53.12,14.5,0.01,0.70352,0.512837,19.254,15.642,39.305
4,SWIR,POLANT4-4-002-001,-52.22,14.63,0.01,0.70338,0.512876,19.243,15.632,39.315
3,SEIR,AAR2011-RC16,-60.2184,151.835,0.00001,0.702841,0.513033,19.1449,15.5588,38.8283
3,SEIR,MELBMRG-6-R044B,-37.721,77.825,0.001,0.70381,0.51284,19.139,15.618,39.472
4,SWIR,AGU0022-001-001,-52.293,16.91,0.001,0.70248,0.513056,19.045,15.557,38.554
3,SEIR,VEM0033-1-003-004,-50.417,135.09,0.001,0.70257,0.513074,18.998,15.613,38.468
4,SWIR,AGU0022-003-004,-52.294,18.046,0.001,0.70267,0.513048,18.968,15.551,38.767
3,SEIR,VEM0033-1-002-019,-50.267,132.55,0.001,0.70261,0.513058,18.911,15.514,38.319
4,SWIR,POLANT4-4-006-001,-52.33,13.15,0.01,0.70309,0.512951,18.867,15.572,38.822
3,SEIR,VEM0033-1-004-001,-50.215,137.555,0.001,0.70253,0.513139,18.82,15.506,38.166
3,SEIR,VEM0033-1-001-002,-50.408,131.005,0.001,0.70264,0.513123,18.805,15.499,38.262
3,SEIR,MOA8801-016-012,-50.163,127.577,0.001,0.70258,0.513064,18.798,15.504,38.291
4,SWIR,POLANT4-4-005-036,-52.28,13.68,0.01,0.70292,0.51302,18.769,15.56,38.623
3,SEIR,VEM0033-1-001,-50.408,131.005,0.001,0.70261,0.51305,18.75,15.49,38.19
3,SEIR,VEM0033-1-001-G,-50.408,131.005,0.001,0.70261,0.51305,18.75,15.49,38.19
4,SWIR,POLANT4-4-006-002,-52.33,13.15,0.01,0.7029,0.513004,18.741,15.551,38.541
3,SEIR,CHRHYAM-003-003,-37.52,78.43,0.01,0.70411,0.512822,18.738,15.576,39.009
3,SEIR,MOA8801-016-001,-50.163,127.577,0.001,0.70251,0.513088,18.717,15.466,38.153
3,SEIR,CHRHYAM-STPAUL,-38.7,77.5,0.01,0.70363,0.512925,18.696,15.58,38.802
4,SWIR,DY0115-020-005-014-1,-37.6579,50.4671,0.0001,0.703358,0.512869,18.664,15.65,38.722
3,SEIR,MOA8801-013-047,-50.147,128.015,0.001,0.70258,0.513076,18.656,15.485,38.136
3,SEIR,MELBMRG-6-SP1A,-38.72,77.55,0.01,0.7036,0.51289,18.651,15.558,38.842
3,SEIR,MOA8801-004-002,-48.763,127.36,0.001,0.70248,0.513092,18.649,15.491,38.154
3,SEIR,MOA8801-007-001,-49.227,127.657,0.001,0.702602,0.513048,18.633,15.496,38.22
3,SEIR,MOA8801-017-026,-50.222,127.417,0.001,0.70254,0.513054,18.63,15.475,38.099
3,SEIR,VEM0033-1-006-001,-50.3,130.417,0.001,0.70259,0.513102,18.617,15.48,38.095
3,SEIR,MOA8801-020-001,-49.522,127.593,0.001,0.70259,0.513067,18.609,15.49,38.18
4,SWIR,DY0115-020-003-012,-37.66,50.47,0.01,0.703307,0.513002,18.586,15.57,38.601
4,SWIR,MELPROT-5-009-007,-52.58,26.335,0.001,0.70373,0.513005,18.576,15.592,38.482
4,SWIR,DY0115-020-005-012,-37.66,50.47,0.0001,0.703448,0.512976,18.574,15.595,38.571
3,SEIR,VEM0033-1-005-005,-48.738,127.08,0.001,0.70255,0.513118,18.572,15.482,38.097
4,SWIR,AGU0032-003-099,-54.12,1.97,0.01,0.703088,0.513059,18.565,15.555,38.311
3,SEIR,AAR2011-RC02,-59.9866,152.865,0.00001,0.702528,0.513133,18.5549,15.6344,38.3841
3,SEIR,MELBMRG-6-R045B,-37.716,77.832,0.001,0.70456,0.51279,18.554,15.586,39.036
4,SWIR,AGU0032-002-003,-54.37,1.2,0.01,0.703479,0.512953,18.552,15.581,38.496
3,SEIR,AAR2011-RC15A,-60.1538,152.167,0.00001,0.702674,0.51312,18.539,15.5095,38.1964
3,SEIR,MELWEST-10-048WC,-46.09,95.93,0.01,0.70309,0.512963,18.494,15.519,38.25
3,SEIR,AAR2011-RC13,-59.9636,153.049,0.00001,0.702662,0.513099,18.4627,15.5176,38.0964
3,SEIR,CHRHYAM-005-001,-34.96,78.54,0.01,0.70321,0.512963,18.431,15.551,38.396
4,SWIR,DUF0125-017-001-003,-43.89,40.8,0.01,0.702929,0.513005,18.4263,15.5262,38.1701
4,SWIR,AGU0022-009-002,-53.158,22.83,0.001,0.70256,0.513101,18.418,15.492,37.965
4,SWIR,AGU0022-008-001,-53.41,24.76,0.01,0.70268,0.513082,18.417,15.5,38.012
4,SWIR,AGU0032-004-111,-54.03,2.13,0.01,0.703452,0.512965,18.416,15.572,38.459
4,SWIR,DUF0125-019-001-006,-43.89,40.81,0.01,0.703008,0.513089,18.4122,15.5253,38.1444
3,SEIR,CHRHYAM-004-062,-34.91,78.67,0.01,0.70367,0.512899,18.411,15.568,38.36
4,SWIR,DUF0125-020-001-001,-43.92,40.94,0.01,0.702994,0.513037,18.4067,15.5268,38.1741
3,SEIR,MOA8801-006-002,-48.765,126.883,0.001,0.70268,0.51305,18.398,15.477,38.005
3,SEIR,DUF0037-007-001,-34.383,78.023,0.001,0.70311,0.512986,18.388,15.508,38.409
4,SWIR,DUF0034-006,-44.18,38.795,0.001,0.7028,0.513071,18.373,15.509,38.096
4,SWIR,DUF0125-005-001-002,-44.86,36.18,0.01,0.702915,0.513102,18.3663,15.5162,38.1243
3,SEIR,MELWEST-10-118-001,-48.4288,107.527,0.00001,0.70301,0.512973,18.365,15.503,38.353
4,SWIR,DY0115-020-005-020,-37.61,50.99,0.01,0.703169,0.513095,18.361,15.594,38.254
4,SWIR,DUF0125-008-002-001,-44.61,37.27,0.01,0.70296,0.513138,18.3562,15.5229,38.1451
3,SEIR,MELWEST-10-114-012,-49.1163,105.588,0.00001,0.70351,0.512857,18.351,15.536,38.268
3,SEIR,AAR2011-RC12,-59.9416,153.157,0.00001,0.702554,0.513154,18.348,15.48,37.9515
4,SWIR,MELPROT-5-009-001,-52.58,26.335,0.001,0.70255,0.513046,18.339,15.478,37.987
3,SEIR,CHRHYAM-004-043,-34.91,78.67,0.01,0.70312,0.512991,18.331,15.53,38.215
3,SEIR,MELWEST-10-111-018,-48.2133,104.662,0.00001,0.70312,0.512934,18.322,15.506,38.217
3,SEIR,PETDB-2871-ST PAUL-21,-38.72,77.55,0.01,0.70407,0.51293,18.32,15.58,38.44
4,SWIR,DUF0125-006-002-002,-44.9,36.47,0.01,0.702882,0.513147,18.289,15.5095,38.0463
3,SEIR,MELWEST-10-117-001,-48.3497,107.145,0.00001,0.70289,0.513011,18.284,15.508,38.249
3,SEIR,MELWEST-10-122-001,-48.7383,108.277,0.00001,0.70298,0.512972,18.282,15.491,38.273
4,SWIR,DY0105-017-002A,-37.77,49.65,0.01,0.702978,0.513118,18.277,15.564,38.248
4,SWIR,DY0115-020-005-004,-38.13,48.6,0.01,0.703071,0.513124,18.276,15.533,38.163
4,SWIR,MELPROT-5-020-A,-46.495,33.87,0.001,0.7034,0.512983,18.261,15.552,38.37
3,SEIR,MELWEST-10-098-003,-47.4583,100.961,0.00001,0.70301,0.512988,18.257,15.512,38.102
3,SEIR,MELWEST-10-116-015,-48.8733,106.494,0.00001,0.7029,0.513008,18.251,15.5,38.223
3,SEIR,VEM0033-2-009-002,-49.808,119.175,0.001,0.70293,0.513036,18.248,15.489,38.003
3,SEIR,VEM0033-2-008-006,-49.467,121.033,0.001,0.703212,0.512988,18.2441,15.4927,38.2809
4,SWIR,DUF0034-007,-44.807,36.302,0.001,0.7028,0.513041,18.237,15.499,37.976
3,SEIR,MELWEST-10-116-002,-48.8733,106.494,0.00001,0.70294,0.513007,18.233,15.487,38.175
4,SWIR,DY0115-017-002A,-37.77,49.65,0.01,0.703214,0.513091,18.228,15.5,38.032
3,SEIR,MOA8801-005-001,-48.68,126.52,0.001,0.70284,0.513038,18.226,15.465,37.956
4,SWIR,DUF0107-073-002,-37.69,49.85,0.01,0.702722,0.51312,18.226,15.4904,37.9952
4,SWIR,AGU0053-003-003,-46.03,34.07,0.01,0.70276,0.513089,18.223,15.469,37.781
4,SWIR,DUF0107-071,-37.38,51.39,0.01,0.703067,0.513109,18.2224,15.5073,38.0605
4,SWIR,MELPROT-5-042-001,-38.432,46.713,0.01,0.70281,0.513099,18.222,15.49,37.943
4,SWIR,DY0115-021-005-003-001,-37.78,49.65,0.01,0.70295,0.513123,18.221,15.528,38.117
3,SEIR,VEM0033-2-008-008,-49.467,121.033,0.001,0.70314,0.512972,18.22,15.465,38.212
4,SWIR,DY0115-020-003-018,-37.61,50.97,0.01,0.702969,0.513132,18.216,15.55,38.169
4,SWIR,DY0115-021-005-029-006,-37.78,49.65,0.01,0.702983,0.513133,18.212,15.53,38.128
4,SWIR,DY0115-019-009A,-36.04,52.49,0.01,0.702946,0.513097,18.21,15.49,38.004
4,SWIR,DUF0107-072,-37.46,51.16,0.01,0.703044,0.513108,18.2028,15.5012,38.0262
4,SWIR,DY0115-021-005-011-007,-37.68,50.47,0.01,0.702869,0.51314,18.202,15.526,38.094
3,SEIR,MELWEST-10-126-007,-49.527,109.484,0.001,0.70336,0.512909,18.198,15.512,38.262
4,SWIR,DY0115-019-008B,-36.04,52.49,0.01,0.703167,0.513082,18.197,15.487,37.988
4,SWIR,DY0115-021-007-034-021,-37.91,49.25,0.01,0.702935,0.513098,18.188,15.535,38.107
4,SWIR,DY0115-020-005-018,-37.61,50.97,0.01,0.703127,0.513103,18.182,15.58,38.16
4,SWIR,MELPROT-5-042-011,-38.432,46.713,0.01,0.70321,0.513025,18.179,15.495,37.972
3,SEIR,MELWEST-10-066-018,-41.7217,89.3178,0.00001,0.70337,0.512949,18.173,15.492,38.013
4,SWIR,DUF0125-032-001-003,-38.03,48.83,0.01,0.702887,0.513168,18.1656,15.4922,37.9851
4,SWIR,DY0115-021-005-014-008,-37.68,50.47,0.01,0.70283,0.513135,18.164,15.531,38.097
4,SWIR,DUF0125-032-001-001,-38.03,48.83,0.01,0.702934,0.513166,18.1611,15.4888,37.9769
4,SWIR,DUF0107-057-001-001,-34.14,55.63,0.01,0.702907,0.513072,18.1598,15.4969,37.9394
4,SWIR,DUF0107-075-001-001,-37.87,49.34,0.01,0.702923,0.513171,18.1444,15.4871,37.9598
4,SWIR,DUF0107-001-001-001,-26.09,68.73,0.01,0.702964,0.513034,18.1441,15.4691,37.9934
3,SEIR,MELWEST-10-113-007,-48.7517,105.224,0.00001,0.70274,0.513052,18.144,15.467,37.936
4,SWIR,DUF0125-030-001-004,-38.08,48.62,0.01,0.703157,0.513139,18.1438,15.4948,37.9911
3,SEIR,MELWEST-10-112-001,-48.3172,104.966,0.00001,0.70304,0.512985,18.14,15.494,37.99
3,SEIR,MELWEST-10-083-017,-45.0512,95.764,0.00001,0.7032,0.512986,18.133,15.504,37.92
3,SEIR,MELWEST-10-096-001,-47.335,100.672,0.00001,0.70301,0.513001,18.133,15.483,37.923
4,SWIR,MELPROT-5-025-240,-44.815,35.847,0.001,0.70321,0.513064,18.133,15.476,38.061
3,SEIR,MELWEST-10-128-001,-49.8275,110.412,0.00001,0.70343,0.512917,18.132,15.533,38.193
4,SWIR,DUF0107-052,-33.79,56.13,0.01,0.702732,0.51305,18.1315,15.4885,37.7737
3,SEIR,MELWEST-10-125-001,-49.45,109.105,0.001,0.70285,0.513023,18.128,15.475,38.047
4,SWIR,DY0115-021-004,-38.13,48.6,0.01,0.703077,0.513092,18.124,15.478,37.924
4,SWIR,DUF0107-066,-34.75,54.37,0.01,0.702882,0.513081,18.1221,15.4854,37.9595
3,SEIR,MELWEST-10-106-004,-47.878,103.353,0.001,0.7029,0.513015,18.114,15.477,37.922
4,SWIR,DUF0034-002,-33.76,56.27,0.01,0.70269,0.513001,18.114,15.505,37.839
3,SEIR,MELWEST-10-100-001,-47.6313,101.532,0.00001,0.70306,0.512978,18.105,15.485,37.944
3,SEIR,MELWEST-10-108-003,-47.972,103.571,0.00001,0.70293,0.513024,18.103,15.482,37.936
4,SWIR,DUF0107-070-001-001,-37.33,51.81,0.01,0.702987,0.513128,18.1003,15.4952,37.9263
3,SEIR,VEM0033-2-009-001,-49.808,119.175,0.001,0.702849,0.513017,18.0908,15.4886,38.0125
3,SEIR,MELWEST-10-097-008,-47.1865,100.863,0.00001,0.70284,0.513018,18.088,15.466,37.874
3,SEIR,CHRHYAM-002,-39.68,78.48,0.01,0.70405,0.512854,18.085,15.561,38.445
3,SEIR,DSDP028-0265-017-001/061-063,-53.5408,109.946,0.0001,0.70349,0.512893,18.08,15.497,37.999
4,SWIR,DUF0107-053-002-003,-33.87,56.03,0.01,0.702658,0.513122,18.0786,15.4773,37.7434
4,SWIR,AGU0053-001-032,-47.17,32.67,0.01,0.70259,0.513119,18.078,15.454,37.59
4,SWIR,DUF0107-007-002-005,-27.36,66.64,0.01,0.703234,0.513013,18.0735,15.4831,38.0759
3,SEIR,MELWEST-10-130-001,-49.7813,111.134,0.00001,0.70274,0.513057,18.064,15.468,37.964
3,SEIR,MELWEST-10-110-004,-48.1037,103.931,0.00001,0.70286,0.513028,18.062,15.466,37.844
3,SEIR,MELWEST-10-115-003,-49.2287,105.868,0.00001,0.70311,0.512992,18.06,15.495,38.005
3,SEIR,PETDB-2871-ST PAUL-41,-38.72,77.55,0.01,0.704494,0.512757,18.06,15.519,38.55
4,SWIR,MELPROT-5-041-049,-38.66,46.63,0.01,0.70289,0.512995,18.058,15.502,38.107
3,SEIR,VEM0033-2-007-003,-49.033,124,0.001,0.7029,0.513037,18.057,15.439,37.858
4,SWIR,MELPROT-5-025-217,-44.815,35.847,0.001,0.70268,0.513151,18.052,15.473,37.694
4,SWIR,DUF0107-011-001-002,-27.63,65.53,0.01,0.703626,0.512911,18.0428,15.4991,38.1612
4,SWIR,DUF0107-011-001-009,-27.63,65.53,0.01,0.703626,0.512859,18.0417,15.4971,38.1582
4,SWIR,MELPROT-5-037-002,-40.13,45.76,0.001,0.70329,0.512985,18.04,15.469,38.16
3,SEIR,DUF0037-006-002,-38.978,78.138,0.001,0.70467,0.512821,18.039,15.555,38.636
3,SEIR,MELWEST-10-069-001,-41.87,88.9222,0.00001,0.70331,0.512954,18.03,15.473,37.892
4,SWIR,DUF0107-020-001-001,-27.98,63.66,0.01,0.70271,0.513152,18.028,15.4664,37.8453
3,SEIR,CHRHYAM-001-005,-40.34,78.65,0.01,0.70343,0.513032,18.02,15.518,37.985
3,SEIR,MELWEST-10-140-005,-50.3007,113.454,0.00001,0.70292,0.513018,18.017,15.45,37.81
3,SEIR,MELWEST-10-124-001,-49.0252,108.514,0.00001,0.70273,0.513041,18.011,15.459,37.845
3,SEIR,VEM0033-2-007-007,-49.033,124,0.001,0.703,0.513007,18.008,15.462,37.794
4,SWIR,DY0115-017-005A,-27.84,63.94,0.0001,0.702949,0.513057,18.001,15.615,38.067
3,SEIR,DUF0037-004-001,-32.665,77.596,0.001,0.702982,0.51301,18,15.489,38.04
3,SEIR,MELWEST-10-099-015,-47.59,101.223,0.00001,0.70293,0.51302,17.996,15.467,37.764
4,SWIR,DUF0107-026-001,-28.8,61.93,0.01,0.702868,0.513055,17.9929,15.4874,37.9842
4,SWIR,DY0115-019-009A,-36.04,52.49,0.01,0.702924,0.513117,17.99,15.528,37.807
3,SEIR,MELWEST-10-102-001,-47.8763,102.14,0.00001,0.70293,0.513021,17.989,15.475,37.77
4,SWIR,DUF0107-002-001-001,-26.23,68.44,0.01,0.702954,0.513042,17.9881,15.4594,37.8052
3,SEIR,MELWEST-10-105-001,-47.765,103.038,0.00001,0.7029,0.513047,17.987,15.48,37.802
4,SWIR,DUF0107-051-001-001,-33.65,56.64,0.01,0.702822,0.513073,17.9864,15.473,37.6813
4,SWIR,DUF0107-002,-26.23,68.44,0.01,0.702914,0.513103,17.9841,15.4557,37.7952
3,SEIR,DUF0037-005-001,-40.327,77.855,0,0.70296,0.513122,17.979,15.45,37.95
4,SWIR,ARGCIRC-110-013,-26.62,67.52,0.01,0.70286,0.513066,17.978,15.461,37.797
3,SEIR,MELWEST-10-146-001,-49.5055,117.182,0.00001,0.70318,0.512991,17.974,15.513,38.027
4,SWIR,DUF0107-003-002-001,-26.488,67.979,0.001,0.702896,0.513047,17.9731,15.458,37.8186
3,SEIR,MELWEST-10-132-001,-50.2115,111.783,0.00001,0.70287,0.513036,17.972,15.478,37.829
3,SEIR,MELWEST-10-072-002,-43.4172,91.2892,0.00001,0.70298,0.513029,17.97,15.464,37.661
3,SEIR,MELBMRG-6-033-002,-42.115,88.042,0.001,0.70364,0.512889,17.97,15.501,37.979
3,SEIR,MELWEST-10-138-001,-50.1879,112.857,0.00001,0.70289,0.513035,17.968,15.443,37.722
3,SEIR,MOA8801-024-018,-49.768,126.167,0.001,0.70305,0.512997,17.965,15.47,37.872
3,SEIR,MELWEST-10-134-001,-50.296,112.49,0.00001,0.70285,0.51304,17.964,15.454,37.819
3,SEIR,CHRHYAM-009-008,-30.33,75.76,0.01,0.70288,0.513059,17.961,15.487,37.794
3,SEIR,MELWEST-10-138-036,-50.1879,112.857,0.00001,0.70298,0.513012,17.952,15.466,37.791
3,SEIR,CHRHYAM-006-025,-32.51,77.43,0.01,0.70296,0.513083,17.952,15.477,37.826
3,SEIR,MELWEST-10-103-004,-48.0187,102.54,0.00001,0.70291,0.513039,17.951,15.465,37.719
3,SEIR,MELWEST-10-136-015,-50.3231,112.686,0.00001,0.70283,0.513044,17.95,15.466,37.821
3,SEIR,MELWEST-10-141-001,-50.3475,113.616,0.00001,0.70297,0.512999,17.947,15.461,37.796
3,SEIR,VEM0033-2-011-006,-49.858,118,0.001,0.70284,0.513041,17.944,15.409,37.743
3,SEIR,MELWEST-10-089-004,-47.4463,97.512,0.00001,0.70361,0.512911,17.937,15.499,37.801
3,SEIR,MELWEST-10-142-001,-49.8604,114.481,0.00001,0.70308,0.513015,17.935,15.479,37.938
3,SEIR,MELWEST-10-135-008,-50.3073,112.595,0.00001,0.70281,0.513055,17.931,15.455,37.785
4,SWIR,DY0115-021-005-001,-34.28,55.71,0.0001,0.703081,0.513049,17.929,15.464,37.61
4,SWIR,DUF0107-027,-28.94,61.64,0.01,0.702748,0.513148,17.9282,15.4535,37.7838
3,SEIR,CHRHYAM-009-007,-30.33,75.76,0.01,0.70287,0.513073,17.927,15.484,37.764
3,SEIR,MELWEST-10-082-035,-45.1845,95.6983,0.00001,0.70311,0.513018,17.926,15.479,37.55
3,SEIR,MOA8801-030-006,-48.943,124.282,0.001,0.70295,0.513012,17.926,15.475,37.769
3,SEIR,CHRHYAM-010-014,-28.9,74.67,0.01,0.70302,0.513077,17.925,15.509,37.822
4,SWIR,MELPROT-5-041-073,-38.66,46.63,0.01,0.70333,0.513033,17.923,15.486,38.067
4,SWIR,DUF0107-009-003-001,-27.44,66.26,0.01,0.703122,0.513018,17.9184,15.4583,37.8354
3,SEIR,MELWEST-10-091-003,-47.9095,98.6012,0.00001,0.70315,0.512986,17.914,15.483,37.682
3,SEIR,MELWEST-10-070-032,-42.568,90.204,0.001,0.70302,0.513021,17.91,15.474,37.646
3,SEIR,MOA8801-018-004,-50.042,126.742,0.001,0.70305,0.513025,17.903,15.459,37.742
4,SWIR,DUF0107-055-002-001,-33.96,55.78,0.01,0.703173,0.513037,17.8978,15.4733,37.6537
3,SEIR,MOA8801-026-001,-48.943,124.282,0.001,0.70276,0.513048,17.894,15.452,37.626
3,SEIR,MELWEST-10-144-004,-50.0078,115.212,0.00001,0.70315,0.513011,17.894,15.459,37.887
4,SWIR,DUF0107-061-002-004,-34.36,55.13,0.01,0.702916,0.513038,17.8931,15.4613,37.73
3,SEIR,MELWEST-10-092-001,-48.1005,98.9432,0.00001,0.70317,0.513019,17.891,15.486,37.578
4,SWIR,DUF0107-012-001-002,-27.74,65.35,0.01,0.702916,0.513067,17.8909,15.4538,37.8097
4,SWIR,DUF0107-006-004-001,-26.98,67.23,0.01,0.70312,0.513015,17.8906,15.4585,37.8276
3,SEIR,MOA8801-027-058,-49.062,124.965,0.001,0.70365,0.512903,17.888,15.49,37.837
4,SWIR,DUF0107-012-003-002,-27.74,65.35,0.01,0.702904,0.513007,17.8856,15.448,37.7925
3,SEIR,CHRHYAM-007-002,-31.26,76.5,0.01,0.70283,0.513065,17.884,15.467,37.726
3,SEIR,AII0093-6-011-016,-24.675,70.045,0.001,0.70322,0.51306,17.884,15.563,37.838
4,SWIR,AII0093-6-011-016,-24.675,70.045,0.001,0.70322,0.51306,17.884,15.563,37.838
3,SEIR,MELWEST-10-081-001,-45.1743,95.59,0.00001,0.70305,0.513011,17.883,15.479,37.546
3,SEIR,MELWEST-10-079-017,-45.106,95.4088,0.00001,0.70304,0.513018,17.875,15.477,37.523
3,SEIR,MELWEST-10-076-001,-43.8823,93.1143,0.00001,0.70332,0.512961,17.874,15.484,37.586
3,SEIR,MELWEST-10-078-002,-44.833,94.8328,0.00001,0.70312,0.513012,17.871,15.489,37.537
3,SEIR,MELWEST-10-065-009,-43.0822,91.0947,0.00001,0.70302,0.513038,17.868,15.48,37.564
3,SEIR,MELWEST-10-073-008,-43.4683,91.684,0.00001,0.70302,0.513032,17.868,15.485,37.569
3,SEIR,MELWEST-10-071-001,-42.8863,90.7952,0.00001,0.70293,0.51304,17.863,15.479,37.456
3,SEIR,MELWEST-10-089-107,-47.4463,97.512,0.00001,0.70339,0.512952,17.859,15.492,37.743
3,SEIR,DUF0037-004-001,-32.665,77.596,0.001,0.703,0.513053,17.854,15.429,37.728
3,SEIR,DUF0023-004-001,-25.864,70.323,0.001,0.702731,0.513189,17.85,15.45,37.63
4,SWIR,DUF0023-004-001,-25.864,70.323,0.001,0.702731,0.513189,17.85,15.45,37.63
3,SEIR,MELWEST-10-074-002,-43.4282,92.3333,0.00001,0.70314,0.513016,17.848,15.464,37.549
4,SWIR,MELANTP-111-010,-28.85,61.9,0.01,0.70263,0.5131,17.846,15.439,37.727
3,SEIR,MELWEST-10-075-004,-43.5785,92.677,0.00001,0.70324,0.512995,17.844,15.478,37.547
3,SEIR,MELWEST-10-090-001,-47.7107,98.1568,0.00001,0.70308,0.51296,17.843,15.483,37.614
3,SEIR,MELWEST-10-088-001,-47.076,96.8325,0.00001,0.70314,0.513015,17.841,15.481,37.786
4,SWIR,DUF0107-060,-34.37,55.27,0.01,0.702943,0.51301,17.8398,15.4596,37.7016
4,SWIR,AII0093-5-006-013,-27.6,65.83,0.01,0.70291,0.513042,17.837,15.445,37.716
4,SWIR,CHRRODR-3-001-001,-27.403,66.429,0.001,0.702855,0.513016,17.83,15.45,37.74
4,SWIR,MELPROT-5-030-075,-42.687,41.985,0.001,0.70268,0.513188,17.829,15.448,37.486
4,SWIR,DUF0107-010-001-004,-27.57,65.98,0.01,0.702889,0.513065,17.8274,15.4469,37.7084
3,SEIR,DUF0037-002-001,-29.7,75.191,0,0.702931,0.513044,17.817,15.447,37.75
4,SWIR,MELINMD-005-004,-42.01,42.73,0.01,0.70309,0.513201,17.814,15.452,37.312
3,SEIR,MELWEST-10-133-001,-50.3163,112.316,0.00001,0.70271,0.513071,17.813,15.443,37.594
3,SEIR,MELBMRG-6-034-001,-41.517,87.092,0.001,0.70358,0.512904,17.812,15.497,37.886
4,SWIR,DUF0107-013,-27.78,65.42,0.01,0.703078,0.513037,17.8109,15.4487,37.7479
3,SEIR,MOA8801-023-001,-49.613,125.658,0.001,0.70285,0.513234,17.805,15.421,37.638
4,SWIR,DUF0107-016,-27.85,63.91,0.01,0.702777,0.513069,17.7976,15.4343,37.6335
3,SEIR,MELWEST-10-077-007,-44.1167,93.773,0.00001,0.70292,0.51306,17.793,15.465,37.443
4,SWIR,DY0115-019-007,-27.85,63.94,0.0001,0.702942,0.513061,17.793,15.424,37.612
3,SEIR,DUF0023-004,-25.864,70.323,0.001,0.702781,0.513189,17.785,15.473,37.536
4,SWIR,DUF0023-004,-25.864,70.323,0.001,0.702781,0.513189,17.785,15.473,37.536
4,SWIR,DUF0107-008-002,-27.34,66.34,0.01,0.702966,0.513079,17.7814,15.4444,37.6998
3,SEIR,DUF0037-006-003,-38.957,78.158,0.001,0.70536,0.512605,17.777,15.549,38.509
4,SWIR,DUF0107-063-001,-34.73,54.65,0.01,0.702956,0.513063,17.7754,15.4535,37.6722
3,SEIR,VEM0033-2-010-010,-49.917,115.375,0.001,0.70346,0.512997,17.772,15.494,37.837
4,SWIR,DUF0034-004,-40.98,43.7,0.001,0.70299,0.513068,17.767,15.468,37.641
3,SEIR,MOA8801-022-013,-49.68,125.892,0.001,0.70281,0.513184,17.764,15.431,37.584
3,SEIR,MELWEST-10-084-007,-45.1105,95.9322,0.00001,0.70308,0.513036,17.754,15.463,37.498
4,SWIR,DUF0107-028-002-005,-28.95,61.44,0.01,0.702747,0.513123,17.7461,15.4337,37.5893
3,SEIR,MELBMRG-6-036-001,-41.098,86.23,0.001,0.70348,0.512943,17.735,15.487,37.76
4,SWIR,AII0093-5-006-004,-27.6,65.83,0.01,0.70291,0.51304,17.735,15.505,37.71
3,SEIR,MELWEST-10-128-018,-49.8275,110.412,0.00001,0.70273,0.513141,17.734,15.449,37.631
3,SEIR,MELWEST-10-087-038,-46.7782,96.3675,0.00001,0.70323,0.512981,17.731,15.47,37.596
3,SEIR,DUF0037-001-001,-26.917,72.242,0,0.70315,0.512981,17.722,15.466,37.686
4,SWIR,MELINMD-008-001,-41.98,42.72,0.01,0.70253,0.513218,17.71,15.424,37.234
4,SWIR,DUF0107-029-001-001,-28.95,61.32,0.01,0.702749,0.513104,17.6819,15.4307,37.5406
4,SWIR,DUF0107-029-001-002,-28.95,61.32,0.01,0.702721,0.513092,17.6775,15.4279,37.5334
3,SEIR,DUF0037-001-006,-26.917,72.242,0,0.703189,0.513018,17.666,15.437,37.67
3,SEIR,AII0093-6-013-001,-25.78,70.183,0.001,0.70317,0.51309,17.661,15.528,37.697
4,SWIR,AII0093-6-013-001,-25.78,70.183,0.001,0.70317,0.51309,17.661,15.528,37.697
3,SEIR,DUF0037-003-001,-26.92,72.24,0.01,0.70305,0.513053,17.635,15.457,37.493
3,SEIR,DUF0023-002-001,-26.521,71.925,0.01,0.70308,0.513047,17.62,15.443,37.57
4,SWIR,DUF0107-068,-35.34,53.89,0.01,0.702973,0.51307,17.6044,15.4286,37.5365
4,SWIR,DUF0107-068-001,-35.34,53.89,0.01,0.702967,0.513082,17.6024,15.4273,37.5315
3,SEIR,MELWEST-10-145-001,-49.2749,116.718,0.00001,0.70369,0.512929,17.594,15.473,37.612
4,SWIR,DY0115-017-004A,-31.09,59.11,0.0001,0.702808,0.513112,17.558,15.49,37.363
4,SWIR,DUF0034-001,-31.693,57.842,0.001,0.70276,0.513081,17.554,15.433,37.289
4,SWIR,DUF0107-048,-31.69,57.97,0.01,0.70295,0.513096,17.5354,15.4181,37.2715
4,SWIR,DUF0107-049,-31.73,57.74,0.01,0.702861,0.513134,17.496,15.4134,37.2152
3,SEIR,CHRRODR-3-003-001,-25.57,70.026,0,0.703113,0.513048,17.488,15.455,37.5
4,SWIR,CHRRODR-3-003-001,-25.57,70.026,0,0.703113,0.513048,17.488,15.455,37.5
3,SEIR,CHRRODR-2-002-001,-25.61,69.94,0.01,0.70305,0.513027,17.477,15.455,37.47
4,SWIR,CHRRODR-2-002-001,-25.61,69.94,0.01,0.70305,0.513027,17.477,15.455,37.47
3,SEIR,AII0093-6-014-023,-25.78,70.183,0.001,0.70311,0.513077,17.469,15.449,37.456
4,SWIR,AII0093-6-014-023,-25.78,70.183,0.001,0.70311,0.513077,17.469,15.449,37.456
4,SWIR,DUF0107-032-004-004,-30.27,60.49,0.01,0.702749,0.513172,17.4498,15.4023,37.1346
4,SWIR,MELPROT-5-027-A,-43.612,39.308,0.001,0.70438,0.512692,17.441,15.48,37.663
3,SEIR,CHRRODR-2-003-001,-25.66,70.054,0.01,0.703149,0.513047,17.44,15.443,37.4
4,SWIR,CHRRODR-2-003-001,-25.66,70.054,0.01,0.703149,0.513047,17.44,15.443,37.4
4,SWIR,DUF0107-036,-30.66,59.56,0.01,0.702774,0.513129,17.432,15.4014,37.1355
4,SWIR,DUF0107-046-001-006,-31.19,58.61,0.01,0.702707,0.51317,17.429,15.3963,37.1141
4,SWIR,DUF0107-038-001-001,-30.91,59.34,0.01,0.702829,0.513178,17.4224,15.4013,37.1104
4,SWIR,DUF0107-034-001-003,-30.44,60.16,0.01,0.702659,0.513215,17.4052,15.3976,37.0816
4,SWIR,DUF0107-042,-31.038,59.121,0.001,0.702723,0.513143,17.404,15.398,37.0847
4,SWIR,DUF0107-035,-30.52,59.91,0.01,0.702911,0.513118,17.4018,15.4006,37.1097
4,SWIR,DUF0107-041-001-001,-30.92,59.16,0.01,0.702824,0.513157,17.3631,15.3923,37.0698
3,SEIR,DUF0023-003-001,-25.385,70.064,0.001,0.703135,0.513059,17.334,15.46,37.36
4,SWIR,DUF0023-003-001,-25.385,70.064,0.001,0.703135,0.513059,17.334,15.46,37.36
3,SEIR,AII0093-6-010-103,-24.98,70.012,0.001,0.703035,0.513083,17.325,15.456,37.287
3,SEIR,AII0093-6-010-103,-24.98,70.012,0.001,0.70304,0.513083,17.325,15.456,37.287
4,SWIR,AII0093-6-010-103,-24.98,70.012,0.001,0.703035,0.513083,17.325,15.456,37.287
4,SWIR,AII0093-6-010-103,-24.98,70.012,0.001,0.70304,0.513083,17.325,15.456,37.287
3,SEIR,AII0093-5-005,-24.98,69.99,0.01,0.70303,0.513072,17.315,15.443,37.251
4,SWIR,AII0093-5-005,-24.98,69.99,0.01,0.70303,0.513072,17.315,15.443,37.251
3,SEIR,AII0093-6-010-003,-24.98,70.012,0.001,0.70304,0.51307,17.307,15.531,37.214
4,SWIR,AII0093-6-010-003,-24.98,70.012,0.001,0.70304,0.51307,17.307,15.531,37.214
4,SWIR,DUF0125-014-001-004,-43.4,40.1,0.01,0.703718,0.512871,17.2738,15.4427,37.4116
4,SWIR,DUF0125-010-003,-43.36,39.69,0.01,0.70393,0.51287,17.2434,15.4496,37.4273
4,SWIR,DUF0125-016-003-003,-43.43,40.21,0.01,0.703863,0.512863,17.2033,15.4382,37.4102
4,SWIR,ANS0018-060-001,-54.42,-1.36,0.01,0.71209,0.511663,17.188,15.701,38.766
4,SWIR,DUF0125-015-002-005,-43.43,40.21,0.01,0.703905,0.512861,17.1577,15.4302,37.3632
4,SWIR,MELPROT-5-028-146,-43.377,39.852,0.001,0.70458,0.512694,17.097,15.418,37.288
4,SWIR,DUF0034-005,-43.893,40.653,0.001,0.7047,0.512448,16.959,15.504,37.32
4,SWIR,DUF0125-013-001-002,-43.41,39.98,0.01,0.704769,0.512607,16.585,15.3599,36.8753
10,NWIR,KODOS09-11-IR092301G,-9.61,66.65,0.0001,0.702958,0.513035,19.1481,15.6146,39.0245
10,NWIR,KODOS09-11-IR092101G,-9.89,66.8,0.0001,0.702897,0.513031,19.1452,15.6136,38.9996
10,NWIR,KODOS09-11-IR091001G,-11.53,66.36,0.0001,0.702898,0.513061,18.9283,15.5899,38.7896
10,NWIR,MELANTP-093-025,-17.09,66.58,0.01,0.70349,0.512925,18.839,15.604,39.077
10,NWIR,HAK0604-DR002,-19.5896,65.8438,0.0001,0.703586,0.512926,18.8353,15.5581,38.8958
10,NWIR,GIMNAUT-DR07-001,-19.69,65.34,0.01,0.703612,0.512931,18.7927,15.5793,38.6938
10,NWIR,GIMNAUT-DR08-001,-19.66,65.54,0.01,0.703973,0.512911,18.7465,15.5716,38.7042
10,NWIR,GIMNAUT-DR09-001,-19.65,65.68,0.01,0.703873,0.512906,18.7041,15.5708,38.7304
10,NWIR,GIMNAUT-DR10-001,-19.95,66.27,0.01,0.703945,0.512908,18.7031,15.5717,38.7377
10,NWIR,GIMNAUT-PL01-001,-19.17,65.62,0.01,0.703327,0.513028,18.6164,15.5444,38.6592
10,NWIR,HAK0604-RC010,-18.3545,65.2972,0.0001,0.70343,0.512984,18.6155,15.5567,38.7005
10,NWIR,GIMNAUT-DR04-004,-19.68,65.77,0.01,0.703838,0.512935,18.5832,15.5517,38.5321
10,NWIR,HAK0604-RC011,-18.2966,65.2688,0.0001,0.703393,0.512985,18.5735,15.5582,38.6629
10,NWIR,GIMNAUT-DR06-002,-19.33,65.71,0.01,0.703218,0.513014,18.5414,15.5349,38.5767
10,NWIR,KODOS09-11-IR110107,-8.22,68.24,0.0001,0.702859,0.51311,18.5331,15.5351,38.3745
10,NWIR,KODOS09-11-IR091803G,-10.36,66.3,0.0001,0.702859,0.513084,18.5289,15.5283,38.3874
10,NWIR,GIMNAUT-PL06-004,-19.17,65.64,0.01,0.703389,0.513005,18.5238,15.534,38.4662
10,NWIR,GIMNAUT-PL07-001,-19.15,65.66,0.01,0.703243,0.513024,18.5178,15.5382,38.5127
10,NWIR,KODOS09-11-IR10020401,-16.57,66.56,0.0001,0.703187,0.513004,18.4885,15.5364,38.5189
10,NWIR,GIMNAUT-PL01-005,-19.18,65.62,0.01,0.703239,0.513009,18.4883,15.524,38.4601
10,NWIR,GIMNAUT-PL09-007,-19.09,65.79,0.01,0.703238,0.512996,18.4842,15.5213,38.4556
10,NWIR,KODOS09-11-IR10022401,-14.08,66.08,0.0001,0.703097,0.512976,18.475,15.5234,38.4371
10,NWIR,DY0125-026-003-001,3.69,63.72,0.01,0.702942,0.513038,18.463,15.585,38.476
10,NWIR,GIMNAUT-DR11-001,-19.05,65.56,0.01,0.703206,0.513076,18.4627,15.5282,38.4533
10,NWIR,SGRKNYA-195-011,-6.3395,68.2918,0.001,0.703181,0.513017,18.4618,15.5423,38.5066
10,NWIR,SGRKNYA-195-011,-6.3395,68.2918,0.001,0.703128,0.513007,18.4614,15.5356,38.5023
10,NWIR,HAK0604-RC012,-18.1912,65.2293,0.0001,0.703311,0.513006,18.4579,15.5388,38.5126
10,NWIR,DY0125-026-002-002,3.67,63.75,0.01,0.702927,0.513076,18.457,15.588,38.475
10,NWIR,GIMNAUT-DR12-003,-18.7,65.51,0.01,0.703278,0.513029,18.4427,15.5351,38.4826
10,NWIR,HAK0604-RC021,-18.5386,65.3968,0.0001,0.703344,0.513015,18.4419,15.5342,38.4892
10,NWIR,GIMNAUT-PL20-002,-19.49,65.85,0.01,0.703417,0.513017,18.4326,15.5255,38.3273
10,NWIR,GIMNAUT-DR03-001,-19.69,65.96,0.01,0.703232,0.513022,18.426,15.5209,38.3864
10,NWIR,GIMNAUT-DR06-001,-19.33,65.71,0.01,0.703214,0.513023,18.4232,15.5212,38.4152
10,NWIR,GIMNAUT-DR03-002,-19.69,65.96,0.01,0.703319,0.513015,18.4222,15.5195,38.3799
10,NWIR,DUF0057-005-001,-19.48,65.81,0.01,0.70341,0.513013,18.418,15.529,38.345
10,NWIR,GIMNAUT-PL05-005,-19.2,65.56,0.01,0.703098,0.513022,18.4124,15.5178,38.3273
10,NWIR,HAK0604-DR004,-19.5848,65.8608,0.0001,0.703235,0.513017,18.409,15.5036,38.2416
10,NWIR,KODOS09-11-IR10020201,-16.85,66.74,0.0001,0.703057,0.513019,18.4027,15.5201,38.3376
10,NWIR,SGRKNYA-125-004-001,-5.6521,68.0633,0.001,0.703709,0.512957,18.3962,15.5281,38.3493
10,NWIR,MELANTP-097-022,-18.71,65.5,0.01,0.70338,0.513008,18.392,15.49,38.308
10,NWIR,GIMNAUT-DR05-001,-19.41,65.78,0.01,0.703343,0.513023,18.3893,15.5198,38.3088
10,NWIR,GIMNAUT-PL11-002,-19.47,65.85,0.01,0.703303,0.513026,18.3855,15.5128,38.3062
10,NWIR,GIMNAUT-PL11-001,-19.47,65.85,0.01,0.703298,0.513007,18.3853,15.5117,38.2434
10,NWIR,GIMNAUT-DR02-003,-19.55,65.99,0.01,0.703266,0.513029,18.3748,15.5187,38.2914
10,NWIR,HAK0604-DR007,-16.9983,66.8887,0.0001,0.703213,0.513029,18.3717,15.5114,38.3539
10,NWIR,GIMNAUT-DR02-002,-19.55,65.99,0.01,0.703274,0.513007,18.3683,15.5159,38.2824
10,NWIR,HAK0604-DR009,-16.6575,66.5622,0.0001,0.703263,0.513032,18.3639,15.5129,38.351
10,NWIR,HAK0604-DR009,-16.6575,66.5622,0.0001,0.703164,0.513028,18.3638,15.5127,38.3511
10,NWIR,ARGCIRC-104-021,-19.83,66.03,0.01,0.70316,0.51307,18.354,15.517,38.214
10,NWIR,KODOS09-11-IR10021901,-14.84,66.6,0.0001,0.703026,0.513027,18.3497,15.5206,38.3769
10,NWIR,HAK0604-RC005,-19.2703,65.6702,0.0001,0.703181,0.513017,18.3467,15.5169,38.2827
10,NWIR,HAK0604-RC013,-16.6574,66.6467,0.0001,0.703142,0.513032,18.324,15.495,38.2409
10,NWIR,HAK0604-DR001,-19.6868,65.4908,0.0001,0.703619,0.512991,18.3204,15.4982,38.187
10,NWIR,KODOS09-11-IR090501G,-12.39,65.85,0.0001,0.702871,0.513073,18.3121,15.5284,38.3557
10,NWIR,GIMNAUT-PL12-005,-19.44,65.92,0.01,0.703154,0.513027,18.3043,15.5029,38.1984
10,NWIR,KODOS09-11-IR090301G,-12.56,66.03,0.0001,0.702911,0.513202,18.3018,15.5168,38.2542
10,NWIR,DUF0057-004-003,-20.27,67.67,0.01,0.70294,0.513106,18.294,15.495,37.946
10,NWIR,HAK0604-RC015,-15.6404,67.1833,0.0001,0.702922,0.513102,18.2923,15.5339,38.2418
10,NWIR,GIMNAUT-PL17-007,-19.54,65.73,0.01,0.703238,0.513045,18.2873,15.51,38.1824
10,NWIR,KODOS09-11-IR110117-1,-11.28,66.49,0.0001,0.702928,0.513107,18.2722,15.524,38.1117
10,NWIR,KODOS09-11-IR10020301,-16.71,66.65,0.0001,0.703009,0.513043,18.272,15.5059,38.231
10,NWIR,DUF0057-007-005,-15.87,67.28,0.01,0.702782,0.513117,18.271,15.493,37.885
10,NWIR,SGRKNYA-125-004-001,-5.6521,68.0633,0.001,0.703166,0.513024,18.2547,15.5043,38.1632
10,NWIR,078_I5.27N,5.45,61.83,0.01,0.70266,0.51312,18.24,15.44,37.81
10,NWIR,DY0125-026-001,3.7,63.81,0.01,0.702808,0.513084,18.223,15.535,38.066
10,NWIR,SGRKNYA-195-010,-6.0591,68.4978,0.001,0.7028,0.513139,18.2225,15.4946,38.0984
10,NWIR,DUF0057-009-001,-8.01,68.07,0.01,0.702771,0.513108,18.21,15.536,37.946
10,NWIR,KODOS09-11-IR091101G,-11.43,66.35,0.0001,0.702874,0.513081,18.1908,15.4834,38.0137
10,NWIR,KODOS09-11-IR092201,-9.76,66.74,0.0001,0.702925,0.513043,18.1901,15.5044,37.8625
10,NWIR,KODOS09-11-IR091701G,-10.43,66.36,0.0001,0.702808,0.51308,18.1869,15.484,37.9913
10,NWIR,RSR1979-011-005,-5.36,68.62,0.01,0.70274,0.513109,18.17,15.5,38.064
10,NWIR,DUF0057-011-001,-4.17,68.33,0.01,0.702839,0.513106,18.17,15.475,37.765
10,NWIR,DUF0057-009-006,-8.01,68.07,0.01,0.702789,0.513131,18.166,15.495,37.876
10,NWIR,KODOS09-11-IR091501G,-10.71,66.58,0.0001,0.70278,0.513074,18.1614,15.4807,37.959
10,NWIR,SON0028-013,6.15,60.85,0.01,0.702589,0.513077,18.157,15.45,37.822
10,NWIR,KODOS09-11-IR091401G,-10.85,66.67,0.0001,0.702843,0.513079,18.1545,15.4852,37.9872
10,NWIR,DUF0057-003-008,-20.15,66.83,0.01,0.702985,0.513045,18.152,15.514,37.971
10,NWIR,HAK0604-DR008,-16.8294,66.7167,0.0001,0.703048,0.51307,18.1513,15.4847,38.0734
10,NWIR,HAK0604-DR008,-16.8294,66.7167,0.0001,0.703096,0.513079,18.15,15.4819,38.0681
10,NWIR,SON0028-023,-1.55,67.61,0.01,0.702772,0.513067,18.149,15.472,38.001
10,NWIR,DUF0057-008-001,-10.82,66.63,0.01,0.702767,0.513118,18.13,15.471,37.865
10,NWIR,ARGCIRC-093-026,-12.4,65.9,0.001,0.70298,0.513115,18.13,15.505,38.121
10,NWIR,KODOS09-11-IR10021501,-15.15,66.89,0.0001,0.702865,0.513215,18.1161,15.4772,37.97
10,NWIR,KODOS09-11-IR10032102,-11.27,66.57,0.0001,0.702974,0.512989,18.1134,15.4714,38.0817
10,NWIR,KODOS09-11-IR10022901,-13.04,66.56,0.0001,0.702871,0.513155,18.1133,15.4816,37.9735
10,NWIR,HAK0604-DR006,-15.9959,67.3713,0.0001,0.703166,0.513014,18.109,15.4858,37.9609
10,NWIR,RSR1979-012-003,-5.28,68.53,0.01,0.70276,0.513128,18.1,15.474,37.9
10,NWIR,KODOS09-11-IR090701G,-12.25,65.67,0.0001,0.702818,0.513081,18.0867,15.4878,37.9976
10,NWIR,DUF0057-007-002,-15.87,67.28,0.01,0.702847,0.513129,18.085,15.473,37.876
10,NWIR,*VG1583,-5.35,68.69,0.01,0.70295,0.513143,18.084,15.452,37.804
10,NWIR,HAK0604-DR006,-15.9959,67.3713,0.0001,0.703202,0.513035,18.0824,15.4684,37.9148
10,NWIR,KODOS09-11-IR10020802,-15.83,67.29,0.0001,0.702953,0.51307,18.081,15.4784,37.9478
10,NWIR,KODOS09-11-IR092401G,-8.06,68.1,0.0001,0.702768,0.513128,18.0749,15.4773,37.8767
10,NWIR,SON0028-053,-21.33,68.76,0.01,0.702752,0.51309,18.074,15.471,37.879
10,NWIR,KODOS09-11-IR10023501,-7.94,67.99,0.0001,0.702783,0.513148,18.0682,15.4757,37.8609
10,NWIR,DUF0057-0014-001,-1.71,67.97,0.01,0.702936,0.513095,18.068,15.498,37.767
10,NWIR,SON0028-033,-5.38,68.54,0.01,0.702844,0.513081,18.067,15.456,37.87
10,NWIR,DUF0057-013-007,-1.48,67.65,0.01,0.702907,0.513089,18.066,15.472,37.889
10,NWIR,HAK0604-RC014,-15.9061,67.2958,0.0001,0.702937,0.513103,18.0575,15.469,37.9033
10,NWIR,DUF0023-001-001,-21.53,69.112,0.001,0.702851,0.513046,18.057,15.44,37.8
10,NWIR,SON0028-024,-1.51,67.66,0.01,0.702865,0.513063,18.041,15.451,37.838
10,NWIR,DUF0057-013-m,-1.48,67.65,0.01,0.702983,0.513063,18.04,15.469,37.86
10,NWIR,KODOS09-11-IR10021101,-15.42,67.24,0.0001,0.702825,0.5131,18.0383,15.4662,37.8704
10,NWIR,MELANTP-131-014,-8.198,68.12,0.001,0.70276,0.513156,18.038,15.473,37.833
10,NWIR,SON0028-071,-21.39,68.78,0.01,0.702723,0.51305,18.036,15.447,37.787
10,NWIR,SON0028-046-003,-21.36,68.74,0.01,0.702702,0.513064,18.034,15.445,37.772
10,NWIR,MELANTP-128-014,-13.02,66.32,0.01,0.7028,0.51308,18.01,15.467,37.856
10,NWIR,RSR1979-007-060,3.7,63.89,0.01,0.70274,0.513096,18.009,15.473,37.846
10,NWIR,SON0028-025,-1.48,67.7,0.01,0.702841,0.513055,18,15.443,37.781
10,NWIR,RSR1979-009,-1.658,67.773,0.001,0.70284,0.513114,17.997,15.46,37.816
10,NWIR,KODOS09-11-IR110214-1,-12.84,66.32,0.0001,0.702817,0.513088,17.9895,15.4666,37.8356
10,NWIR,DUF0057-014-004,-1.71,67.97,0.01,0.702956,0.513117,17.983,15.45,37.772
10,NWIR,RSR1979-006-009,3.78,63.87,0.01,0.70283,0.513074,17.978,15.451,37.76
10,NWIR,KODOS09-11-IR10022701,-13.25,66.69,0.0001,0.702816,0.513206,17.9054,15.4568,37.7692
10,NWIR,AII0093-6-011-016,-24.675,70.045,0.001,0.70322,0.51306,17.884,15.563,37.838
10,NWIR,DUF0057-006-006,-15.86,67.28,0.01,0.702907,0.513133,17.872,15.45,37.664
10,NWIR,VG05252,9.38,57.95,0.01,0.70267,0.513175,17.335,15.37,37.084
10,NWIR,DUF0023-003-001,-25.385,70.064,0.001,0.703135,0.513059,17.334,15.46,37.36
10,NWIR,AII0093-6-010-103,-24.98,70.012,0.001,0.703035,0.513083,17.325,15.456,37.287
10,NWIR,AII0093-6-010-103,-24.98,70.012,0.001,0.70304,0.513083,17.325,15.456,37.287
10,NWIR,AII0093-5-005,-24.98,69.99,0.01,0.70303,0.513072,17.315,15.443,37.251
10,NWIR,AII0093-6-010-003,-24.98,70.012,0.001,0.70304,0.51307,17.307,15.531,37.214
